timestamp,open_rate,high_rate,low_rate,close_rate
2020-04-15,-0.012803,0.002925,-0.012803,0.002925
2020-04-16,-0.007017,0.006363999999999999,-0.046001,0.006363999999999999
2020-04-17,0.005926,0.005926,-0.006771,-0.006771
2020-04-18,-0.003132,-0.003132,-0.019642,-0.019642
2020-04-19,-0.019142,0.008514,-0.019142,0.008514
2020-04-20,-0.00131,-0.00131,-0.005762,-0.005762
2020-04-21,-0.009179999999999999,0.01,-0.009179999999999999,0.01
2020-04-22,-0.002663,-0.002663,-0.031243999999999997,-0.031243999999999997
2020-04-23,-0.022340000000000002,0.01,-0.022340000000000002,0.01
2020-04-24,0.01,0.01,0.01,0.01
2020-04-25,0.01,0.01,0.01,0.01
2020-04-26,0.01,0.01,0.0074930000000000005,0.01
2020-04-27,0.01,0.01,0.01,0.01
2020-04-28,0.01,0.01,0.01,0.01
2020-04-29,0.01,0.01,0.01,0.01
2020-04-30,0.013208,0.097517,0.01,0.01
2020-05-01,0.021072,0.021072,0.013527999999999998,0.013527999999999998
2020-05-02,0.01,0.010144,0.01,0.010144
2020-05-03,0.01,0.019809999999999998,0.01,0.015161999999999998
2020-05-04,0.011925,0.011925,0.01,0.01
2020-05-05,0.01,0.01,0.01,0.01
2020-05-06,0.01,0.035981,0.01,0.035981
2020-05-07,0.01,0.01,0.01,0.01
2020-05-08,0.016093999999999997,0.053189999999999994,0.016093999999999997,0.053189999999999994
2020-05-09,0.042037,0.07581600000000001,0.042037,0.058018
2020-05-10,0.042326,0.042326,0.01,0.01
2020-05-11,0.01,0.01,0.01,0.01
2020-05-12,0.01,0.01,0.01,0.01
2020-05-13,0.01,0.01,0.01,0.01
2020-05-14,0.01,0.01,0.01,0.01
2020-05-15,0.01,0.01,0.0044,0.01
2020-05-16,0.01,0.01,0.01,0.01
2020-05-17,0.008001,0.008001,0.000888,0.000888
2020-05-18,0.01,0.01,-0.00664,-0.00664
2020-05-19,0.01,0.01,0.007892,0.01
2020-05-20,0.01,0.01,0.01,0.01
2020-05-21,-0.009027,0.01,-0.009027,0.01
2020-05-22,-0.00515,0.006867000000000001,-0.00515,0.006867000000000001
2020-05-23,-0.002092,0.007023,-0.002092,0.007023
2020-05-24,0.01,0.01,0.006724,0.006724
2020-05-25,0.006784,0.006784,-0.004286,-0.004226
2020-05-26,-3.5e-05,0.01,-3.5e-05,0.004599
2020-05-27,0.002104,0.01,-0.014025,-0.014025
2020-05-28,-0.011366000000000001,-0.001187,-0.011366000000000001,-0.001187
2020-05-29,0.002618,0.002618,-0.0006039999999999999,-0.0006039999999999999
2020-05-30,0.01,0.01,0.01,0.01
2020-05-31,0.01,0.01,0.01,0.01
2020-06-01,0.01,0.01,-0.002911,0.000938
2020-06-02,0.03448,0.07831,0.01,0.01
2020-06-03,0.01,0.01,0.008646,0.01
2020-06-04,0.01,0.01,0.01,0.01
2020-06-05,0.01,0.01,0.01,0.01
2020-06-06,0.01,0.01,0.01,0.01
2020-06-07,0.01,0.01,0.01,0.01
2020-06-08,0.01,0.01,0.01,0.01
2020-06-09,0.01,0.01,0.01,0.01
2020-06-10,0.01,0.01,0.01,0.01
2020-06-11,0.01,0.01,0.01,0.01
2020-06-12,0.01,0.01,-0.003816,0.009713999999999999
2020-06-13,-0.0019420000000000001,0.01,-0.0019420000000000001,0.01
2020-06-14,0.007102,0.01,0.007102,0.01
2020-06-15,0.01,0.01,-0.018213,-0.018213
2020-06-16,-0.015215000000000001,0.01,-0.015215000000000001,0.01
2020-06-17,0.007763999999999999,0.007763999999999999,-0.008320000000000001,0.007509999999999999
2020-06-18,-0.010005,0.007624000000000001,-0.011589,0.007624000000000001
2020-06-19,-0.000157,0.01,-0.000157,0.01
2020-06-20,0.01,0.01,0.001186,0.01
2020-06-21,-0.003057,0.01,-0.003057,0.01
2020-06-22,0.01,0.01,0.006784,0.01
2020-06-23,0.01,0.012214999999999998,0.01,0.012214999999999998
2020-06-24,0.011286000000000001,0.011286000000000001,0.01,0.01
2020-06-25,0.01,0.01,0.01,0.01
2020-06-26,0.009401,0.01,0.009401,0.01
2020-06-27,0.01,0.01,0.01,0.01
2020-06-28,0.01,0.01,0.004867,0.004867
2020-06-29,0.01,0.01,0.01,0.01
2020-06-30,0.01,0.01,0.01,0.01
2020-07-01,0.01,0.01,0.01,0.01
2020-07-02,0.01,0.01,0.01,0.01
2020-07-03,0.01,0.01,0.01,0.01
2020-07-04,0.01,0.01,0.01,0.01
2020-07-05,0.01,0.01,0.01,0.01
2020-07-06,0.01,0.01,0.01,0.01
2020-07-07,0.01,0.01,0.01,0.01
2020-07-08,0.01,0.01,0.01,0.01
2020-07-09,0.01,0.01,0.01,0.01
2020-07-10,0.01,0.01,0.01,0.01
2020-07-11,0.01,0.01,0.01,0.01
2020-07-12,0.01,0.01,0.01,0.01
2020-07-13,0.01,0.01,0.01,0.01
2020-07-14,0.01,0.01,0.01,0.01
2020-07-15,0.01,0.01,0.01,0.01
2020-07-16,0.01,0.01,0.01,0.01
2020-07-17,0.01,0.01,0.01,0.01
2020-07-18,0.01,0.01,0.01,0.01
2020-07-19,0.01,0.01,0.01,0.01
2020-07-20,0.01,0.01,0.01,0.01
2020-07-21,0.01,0.01,0.01,0.01
2020-07-22,0.01,0.01,0.01,0.01
2020-07-23,0.01,0.01,0.01,0.01
2020-07-24,0.01,0.01,0.01,0.01
2020-07-25,0.01,0.01,0.01,0.01
2020-07-26,0.01,0.06543700000000001,0.01,0.06543700000000001
2020-07-27,0.047138,0.086993,0.047138,0.051888
2020-07-28,0.139484,0.139484,0.097576,0.097576
2020-07-29,0.083621,0.083621,0.061856,0.061856
2020-07-30,0.061759,0.072329,0.061759,0.069174
2020-07-31,0.08265399999999999,0.08265399999999999,0.037716,0.037716
2020-08-01,0.02791,0.048996,0.02791,0.048996
2020-08-02,0.095567,0.095567,0.024752,0.024752
2020-08-03,0.025849999999999998,0.045929,0.025849999999999998,0.043731
2020-08-04,0.031113000000000002,0.038617000000000005,0.030646999999999997,0.038617000000000005
2020-08-05,0.013898,0.022044,0.013898,0.022044
2020-08-06,0.038867,0.038867,0.036099,0.036099
2020-08-07,0.031707,0.031707,0.021201,0.023934
2020-08-08,0.01,0.01,0.01,0.01
2020-08-09,0.01,0.021065999999999998,0.01,0.014574
2020-08-10,0.01,0.131898,0.01,0.030218
2020-08-11,0.013371999999999998,0.059816,0.013371999999999998,0.059816
2020-08-12,0.01,0.01,0.01,0.01
2020-08-13,0.01,0.01,0.01,0.01
2020-08-14,0.017598,0.044038,0.017598,0.027433
2020-08-15,0.01,0.03665,0.01,0.021904
2020-08-16,0.01564,0.048777,0.01564,0.031523999999999996
2020-08-17,0.026342,0.08576,0.026342,0.08576
2020-08-18,0.11990499999999998,0.11990499999999998,0.078206,0.10015600000000001
2020-08-19,0.077293,0.077293,0.024051000000000003,0.024051000000000003
2020-08-20,0.024189,0.024189,0.01159,0.018281
2020-08-21,0.01,0.01,0.01,0.01
2020-08-22,0.01,0.01,0.01,0.01
2020-08-23,0.01,0.01,0.01,0.01
2020-08-24,0.01,0.01,0.01,0.01
2020-08-25,0.01,0.04258,0.01,0.04258
2020-08-26,0.023316,0.023316,0.01,0.013038000000000001
2020-08-27,0.01,0.01,0.01,0.01
2020-08-28,0.01,0.01,0.01,0.01
2020-08-29,0.01,0.01,0.01,0.01
2020-08-30,0.01,0.01,0.01,0.01
2020-08-31,0.01,0.015461,0.01,0.015461
2020-09-01,0.01,0.04686,0.01,0.04686
2020-09-02,0.032895,0.045038,0.032895,0.045038
2020-09-03,0.021394,0.024709,0.016828,0.024709
2020-09-04,0.01,0.01,0.01,0.01
2020-09-05,0.01,0.01,0.01,0.01
2020-09-06,0.01,0.01,0.01,0.01
2020-09-07,0.01,0.01,0.01,0.01
2020-09-08,0.01,0.01,0.01,0.01
2020-09-09,0.01,0.01,0.01,0.01
2020-09-10,0.01,0.01,0.01,0.01
2020-09-11,0.01,0.01,0.01,0.01
2020-09-12,0.01,0.01,0.01,0.01
2020-09-13,0.01,0.01,0.01,0.01
2020-09-14,0.01,0.01,0.000868,0.000868
2020-09-15,-0.022269999999999998,-0.002796,-0.022269999999999998,-0.005156
2020-09-16,-0.011181,-0.001488,-0.011181,-0.0031980000000000003
2020-09-17,-0.000563,0.002957,-0.000563,9.8e-05
2020-09-18,0.009425,0.009425,0.004967,0.004967
2020-09-19,-0.01155,-0.005749,-0.01155,-0.005749
2020-09-20,-0.006476,-0.006476,-0.011198,-0.006625
2020-09-21,-0.0075060000000000005,0.01,-0.012071,0.01
2020-09-22,0.01,0.01,0.01,0.01
2020-09-23,0.004321,0.004321,-0.005506,-0.005506
2020-09-24,0.003817,0.006991,0.001182,0.001182
2020-09-25,-0.023219,0.01,-0.023219,0.01
2020-09-26,0.01,0.01,0.01,0.01
2020-09-27,0.01,0.01,0.01,0.01
2020-09-28,0.01,0.01,0.01,0.01
2020-09-29,0.01,0.01,0.01,0.01
2020-09-30,0.01,0.01,0.01,0.01
2020-10-01,0.007412,0.01,0.007412,0.01
2020-10-02,-0.000263,0.01,-0.001652,0.01
2020-10-03,0.01,0.01,0.009749,0.009749
2020-10-04,-0.002144,0.005039,-0.002144,-0.0007559999999999999
2020-10-05,-0.0033810000000000003,-0.0033810000000000003,-0.009143,-0.006912000000000001
2020-10-06,-0.000126,0.006937,-0.008313,0.006937
2020-10-07,0.0005110000000000001,0.001553,-0.0008579999999999999,0.001553
2020-10-08,0.002693,0.008856000000000001,0.002693,0.008856000000000001
2020-10-09,0.006128,0.01,0.006128,0.01
2020-10-10,0.01,0.01,0.01,0.01
2020-10-11,0.01,0.01,0.01,0.01
2020-10-12,0.01,0.01,0.01,0.01
2020-10-13,0.01,0.01,0.01,0.01
2020-10-14,0.01,0.01,0.01,0.01
2020-10-15,0.01,0.01,0.01,0.01
2020-10-16,0.01,0.01,0.01,0.01
2020-10-17,0.01,0.01,0.01,0.01
2020-10-18,0.01,0.01,0.01,0.01
2020-10-19,0.01,0.01,0.01,0.01
2020-10-20,0.01,0.01,0.0037419999999999997,0.0037419999999999997
2020-10-21,0.002291,0.01,0.002291,0.01
2020-10-22,0.01,0.01,0.01,0.01
2020-10-23,0.01,0.01,0.01,0.01
2020-10-24,0.01,0.01,0.01,0.01
2020-10-25,0.01,0.01,0.01,0.01
2020-10-26,0.01,0.01,0.01,0.01
2020-10-27,0.009274,0.01,0.006127,0.01
2020-10-28,0.003725,0.01,0.003725,0.01
2020-10-29,-0.026006,-0.003189,-0.026006,-0.003189
2020-10-30,-0.015268,-0.000968,-0.015268,-0.013414
2020-10-31,-0.024694,0.009204,-0.024694,0.009204
2020-11-01,-0.006386,-0.004096,-0.006386,-0.005043
2020-11-02,0.007881,0.008717,-0.003275,0.008717
2020-11-03,-0.017064,-0.000467,-0.017064,-0.008581
2020-11-04,-0.007816,-0.002648,-0.023791,-0.023791
2020-11-05,0.01,0.01,0.01,0.01
2020-11-06,0.01,0.03429,0.01,0.03429
2020-11-07,0.024948,0.037914,0.024948,0.03589
2020-11-08,0.01,0.01,0.01,0.01
2020-11-09,0.01,0.01,0.01,0.01
2020-11-10,0.01,0.01,0.01,0.01
2020-11-11,0.01,0.01,0.01,0.01
2020-11-12,0.01,0.01,0.01,0.01
2020-11-13,0.01,0.01,0.01,0.01
2020-11-14,0.01,0.01,0.004277,0.004277
2020-11-15,0.01,0.01,0.01,0.01
2020-11-16,0.01,0.01,0.01,0.01
2020-11-17,0.01,0.01,0.01,0.01
2020-11-18,0.021138,0.057572,0.021138,0.021486
2020-11-19,0.01,0.052207,0.01,0.052207
2020-11-20,0.03665,0.039647,0.03665,0.038617
2020-11-21,0.01,0.059438,0.01,0.059438
2020-11-22,0.080363,0.086985,0.066537,0.066537
2020-11-23,0.101151,0.108391,0.01,0.108391
2020-11-24,0.050801,0.081176,0.050801,0.081176
2020-11-25,0.084235,0.084235,0.038079,0.075292
2020-11-26,0.035414,0.035414,0.01313,0.028796
2020-11-27,0.010773,0.010773,0.01,0.01
2020-11-28,0.01,0.01,0.01,0.01
2020-11-29,0.01,0.01,0.01,0.01
2020-11-30,0.01,0.029481,0.01,0.029481
2020-12-01,0.045929,0.045929,0.011546,0.011546
2020-12-02,0.01,0.01,0.01,0.01
2020-12-03,0.01,0.025455,0.01,0.025455
2020-12-04,0.012703,0.012703,0.01,0.01
2020-12-05,0.01,0.01,0.01,0.01
2020-12-06,0.01,0.01,0.01,0.01
2020-12-07,0.01,0.01,0.01,0.01
2020-12-08,0.01,0.01,0.01,0.01
2020-12-09,0.01,0.01,0.01,0.01
2020-12-10,0.01,0.01,0.01,0.01
2020-12-11,0.01,0.01,0.01,0.01
2020-12-12,0.01,0.01,-0.002135,0.004314
2020-12-13,0.01,0.01,0.01,0.01
2020-12-14,0.01,0.01,0.01,0.01
2020-12-15,0.01,0.01,0.01,0.01
2020-12-16,0.01,0.046054,0.01,0.046054
2020-12-17,0.01,0.054618,0.01,0.054618
2020-12-18,0.028532,0.054618,0.028532,0.045032
2020-12-19,0.01,0.070544,0.01,0.070544
2020-12-20,0.078228,0.078228,0.037486,0.038896
2020-12-21,0.041795,0.041795,0.023741,0.023741
2020-12-22,0.01,0.019956,0.01,0.019956
2020-12-23,0.01131,0.01131,0.01,0.010214
2020-12-24,0.01,0.027216,0.01,0.027216
2020-12-25,0.018528,0.034905,0.01,0.034905
2020-12-26,0.01,0.016965,0.01,0.01
2020-12-27,0.01994,0.071164,0.01994,0.071164
2020-12-28,0.043463,0.071278,0.036133,0.071278
2020-12-29,0.037693,0.04893,0.037693,0.039914
2020-12-30,0.048979,0.076836,0.048979,0.06288
2020-12-31,0.053292,0.060345,0.036744,0.036744
2021-01-01,0.022753,0.034457,0.022753,0.034457
2021-01-02,0.01,0.115471,0.01,0.115471
2021-01-03,0.115471,0.155006,0.114744,0.155006
2021-01-04,0.164126,0.236482,0.056137,0.056137
2021-01-05,0.088338,0.088338,0.047166,0.062904
2021-01-06,0.127193,0.210008,0.127193,0.149253
2021-01-07,0.100316,0.142744,0.099841,0.099841
2021-01-08,0.213517,0.213517,0.092044,0.131892
2021-01-09,0.062954,0.146942,0.062954,0.146942
2021-01-10,0.145604,0.145604,0.052988,0.052988
2021-01-11,0.086486,0.092044,0.053444,0.053444
2021-01-12,0.033526,0.054945,0.033526,0.054945
2021-01-13,0.014768,0.081553,0.014768,0.07053
2021-01-14,0.078331,0.078331,0.068503,0.068503
2021-01-15,0.055628,0.118185,0.055628,0.118185
2021-01-16,0.01,0.068496,0.01,0.068496
2021-01-17,0.033109,0.033109,0.01,0.01
2021-01-18,0.055375,0.10355,0.049321,0.10355
2021-01-19,0.06167,0.158467,0.06167,0.158467
2021-01-20,0.088178,0.088178,0.016482,0.016482
2021-01-21,0.042078,0.048357,0.026589,0.026589
2021-01-22,0.01,0.01,0.01,0.01
2021-01-23,0.01,0.012182,0.01,0.01
2021-01-24,0.01,0.041388,0.01,0.041388
2021-01-25,0.01,0.052253,0.01,0.042414
2021-01-26,0.013506,0.013506,0.01,0.01
2021-01-27,0.01,0.018528,0.01,0.01
2021-01-28,0.01,0.022262,0.01,0.022262
2021-01-29,0.01,0.166789,0.01,0.166789
2021-01-30,0.039208,0.052428,0.01,0.052428
2021-01-31,0.054944,0.054944,0.039914,0.044234
2021-02-01,0.013932,0.066848,0.013932,0.066848
2021-02-02,0.036787,0.122181,0.020373,0.122181
2021-02-03,0.077297,0.080805,0.075287,0.075287
2021-02-04,0.029063,0.074286,0.020151,0.061936
2021-02-05,0.056635,0.099154,0.056635,0.099154
2021-02-06,0.034782,0.102371,0.01,0.102371
2021-02-07,0.155546,0.155546,0.065121,0.106206
2021-02-08,0.059267,0.248993,0.057887,0.248993
2021-02-09,0.131125,0.186573,-0.016073,0.161159
2021-02-10,0.124313,0.17535,0.112397,0.112397
2021-02-11,0.076742,0.17411,0.076742,0.17411
2021-02-12,0.128772,0.128772,0.105533,0.105533
2021-02-13,0.139999,0.141609,0.075946,0.075946
2021-02-14,0.085048,0.149489,0.085048,0.149489
2021-02-15,0.11786,0.11786,0.040617,0.068133
2021-02-16,0.0996,0.141818,0.0996,0.141818
2021-02-17,0.104066,0.147112,0.093436,0.147112
2021-02-18,0.132249,0.154303,0.125842,0.125842
2021-02-19,0.091255,0.128791,0.01,0.128791
2021-02-20,0.156318,0.156318,0.116465,0.122535
2021-02-21,0.100357,0.14009,0.099022,0.12582
2021-02-22,0.117049,0.117049,0.077864,0.077864
2021-02-23,0.024947,0.02962,0.013281,0.013281
2021-02-24,0.013281,0.051791,0.01,0.037289
2021-02-25,0.017706,0.034053,0.017706,0.034053
2021-02-26,0.01,0.01,0.01,0.01
2021-02-27,0.030164,0.04457,0.010038,0.010038
2021-02-28,0.01,0.037706,0.01,0.037706
2021-03-01,0.016921,0.016921,0.01,0.01
2021-03-02,0.01,0.01,0.01,0.01
2021-03-03,0.01,0.045078,0.01,0.045078
2021-03-04,0.01,0.01,0.01,0.01
2021-03-05,0.01,0.01,0.01,0.01
2021-03-06,0.01,0.066848,0.01,0.01
2021-03-07,0.01,0.017606,0.006677,0.017606
2021-03-08,0.01,0.024757,0.01,0.024757
2021-03-09,0.072419,0.072419,0.041976,0.057038
2021-03-10,0.024344,0.056915,0.024344,0.056915
2021-03-11,0.095931,0.099305,0.085439,0.085439
2021-03-12,0.102002,0.102002,0.051199,0.051199
2021-03-13,0.047834,0.060567,0.047834,0.057114
2021-03-14,0.081828,0.115069,0.081828,0.115069
2021-03-15,0.08201,0.10521,0.015776,0.015776
2021-03-16,0.022573,0.040673,0.022573,0.040673
2021-03-17,0.035367,0.035367,0.019234,0.024575
2021-03-18,0.030265,0.032547,0.029259,0.032547
2021-03-19,0.032006,0.03326,0.012887,0.03326
2021-03-20,0.04928,0.04928,0.044452,0.048936
2021-03-21,0.031366,0.042375,0.01,0.01
2021-03-22,0.051919,0.051919,0.045562,0.048977
2021-03-23,0.02421,0.042245,0.02421,0.042245
2021-03-24,0.053454,0.053454,0.016567,0.026422
2021-03-25,0.011828,0.116465,0.01,0.01
2021-03-26,0.016,0.016,0.01,0.01
2021-03-27,0.01,0.077864,0.01,0.01
2021-03-28,0.01,0.01,0.01,0.01
2021-03-29,0.01,0.018171,0.01,0.018171
2021-03-30,0.032026,0.083501,0.027258,0.083501
2021-03-31,0.080754,0.080754,0.058414,0.058414
2021-04-01,0.109277,0.109277,0.051932,0.051932
2021-04-02,0.071058,0.106221,0.01,0.10197
2021-04-03,0.10197,0.107843,0.063267,0.101313
2021-04-04,0.05209,0.05209,0.01,0.026521
2021-04-05,0.039464,0.045078,0.037409,0.037409
2021-04-06,0.037409,0.097189,0.037409,0.083736
2021-04-07,0.057609,0.057609,0.05366,0.05366
2021-04-08,0.05366,0.05366,0.01,0.026225
2021-04-09,0.019611,0.026301,0.019611,0.021785
2021-04-10,0.012959,0.148624,0.012959,0.119652
2021-04-11,0.086735,0.105998,0.057038,0.105998
2021-04-12,0.093793,0.106358,0.093793,0.094343
2021-04-13,0.084072,0.12267,0.084072,0.12267
2021-04-14,0.090508,0.108567,0.090508,0.104786
2021-04-15,0.104786,0.110324,0.047834,0.110324
2021-04-16,0.109647,0.120022,0.084593,0.115519
2021-04-17,0.054906,0.10521,0.054007,0.087572
2021-04-18,0.081624,0.081624,0.01,0.01
2021-04-19,0.01,0.089928,0.01,0.01
2021-04-20,0.01,0.01,0.01,0.01
2021-04-21,0.01,0.012887,-0.001081,0.01
2021-04-22,0.01,0.01,0.01,0.01
2021-04-23,0.01,0.047618,0.01,0.01
2021-04-24,0.01,0.027672,0.01,0.01676
2021-04-25,0.0217,0.038558,0.01,0.01
2021-04-26,0.01,0.016567,0.01,0.01
2021-04-27,0.01,0.01,0.01,0.01
2021-04-28,0.01,0.01,0.01,0.01
2021-04-29,0.01,0.01,0.01,0.01
2021-04-30,0.01,0.01,0.01,0.01
2021-05-01,0.011209,0.032496,0.01,0.032496
2021-05-02,0.015819,0.045285,0.015819,0.045283
2021-05-03,0.040313,0.067307,0.036188,0.067307
2021-05-04,0.050959,0.066426,0.012186,0.066426
2021-05-05,0.044701,0.044701,0.01,0.011734
2021-05-06,0.011734,0.09352,0.011734,0.09352
2021-05-07,0.044645,0.053313,0.017144,0.017144
2021-05-08,0.05937,0.05937,0.046279,0.046426
2021-05-09,0.048942,0.083736,0.043845,0.063864
2021-05-10,0.033531,0.098653,0.033531,0.098653
2021-05-11,0.039557,0.050874,0.025625,0.025625
2021-05-12,0.016659,0.039761,0.016659,0.039761
2021-05-13,0.011638,0.119652,0.01,0.022863
2021-05-14,0.04004,0.04004,0.015069,0.015069
2021-05-15,0.01,0.020153,0.01,0.020153
2021-05-16,0.040248,0.040248,0.016682,0.036196
2021-05-17,0.01,0.063989,0.01,0.059294
2021-05-18,0.054643,0.054643,0.014723,0.021809
2021-05-19,0.01,0.115519,-0.089697,-0.089697
2021-05-20,0.01,0.021809,0.01,0.01
2021-05-21,0.01,0.01,-0.001001,0.007546
2021-05-22,-0.024448,0.01,-0.024448,0.01
2021-05-23,-0.005011,0.004696,-0.005011,0.004696
2021-05-24,-0.008534,0.002089,-0.009905,0.002089
2021-05-25,0.01,0.01,0.01,0.01
2021-05-26,0.01,0.01,0.01,0.01
2021-05-27,0.01,0.01,0.01,0.01
2021-05-28,0.01,0.01,0.01,0.01
2021-05-29,0.01,0.010375,-0.001001,0.010375
2021-05-30,0.01,0.01,0.01,0.01
2021-05-31,0.01,0.01,0.01,0.01
2021-06-01,0.01,0.01,0.01,0.01
2021-06-02,0.01,0.01,0.01,0.01
2021-06-03,0.01,0.01,0.01,0.01
2021-06-04,0.01,0.020566,0.01,0.01
2021-06-05,0.01,0.036188,0.01,0.01
2021-06-06,0.01,0.01,0.01,0.01
2021-06-07,0.01,0.042458,0.01,0.01
2021-06-08,0.01,0.01,0.001015,0.01
2021-06-09,0.01,0.01,-0.014842,-0.014842
2021-06-10,-0.016793,0.01,-0.016793,0.01
2021-06-11,0.01,0.01,0.002612,0.004776
2021-06-12,-0.00778,0.01,-0.00778,-0.000814
2021-06-13,0.00964,0.00964,-0.006559,-0.006559
2021-06-14,0.01,0.01,-0.003144,-0.003144
2021-06-15,0.008002,0.01,0.008002,0.01
2021-06-16,0.01,0.015069,0.01,0.01
2021-06-17,0.01,0.01,0.01,0.01
2021-06-18,0.005342,0.01,0.000345,0.01
2021-06-19,-0.005205,0.007475,-0.009441,0.007475
2021-06-20,0.007475,0.01,-0.018437,-0.018437
2021-06-21,-0.001617,0.035813,-0.089697,-0.019854
2021-06-22,0.007947,0.01,-0.032806,-0.032806
2021-06-23,6.7e-05,6.7e-05,-0.019895,-0.019895
2021-06-24,-0.007785,0.01,-0.018863,-0.018863
2021-06-25,0.002372,0.086993,0.002372,0.01
2021-06-26,-0.011029,-0.010371,-0.013121,-0.010371
2021-06-27,-0.023578,0.083621,-0.052905,-0.026102
2021-06-28,-0.002914,0.01,-0.002914,0.01
2021-06-29,0.008346,0.01,0.003883,0.003883
2021-06-30,0.01,0.01,0.01,0.01
2021-07-01,0.01,0.01,0.01,0.01
2021-07-02,0.008304,0.01,-0.012187,-0.012187
2021-07-03,-0.004866,0.00353,-0.01355,0.00353
2021-07-04,0.00353,0.004428,-0.01527,0.004428
2021-07-05,0.01,0.01,-0.01044,-0.01044
2021-07-06,-0.000681,-0.000681,-0.01114,-0.008213
2021-07-07,-0.013362,0.01,-0.013362,0.01
2021-07-08,0.001382,0.014574,-0.02808,-0.02808
2021-07-09,-0.010885,-0.010885,-0.018845,-0.018845
2021-07-10,-8.1e-05,0.007847,-8.1e-05,7.2e-05
2021-07-11,0.007785,0.01,-0.003373,-0.003373
2021-07-12,0.008851,0.01,0.003463,0.01
2021-07-13,0.01,0.01,5.2e-05,5.2e-05
2021-07-14,0.01,0.01,-0.011753,-0.011753
2021-07-15,-0.004883,0.031524,-0.004883,0.001576
2021-07-16,-0.011529,0.00964,-0.011529,0.001073
2021-07-17,0.01,0.01,-0.004343,0.002365
2021-07-18,0.01,0.01,-0.004434,-0.004434
2021-07-19,-0.00751,0.003183,-0.00751,-0.00123
2021-07-20,-0.015687,-0.012569,-0.018939,-0.018939
2021-07-21,-0.022869,0.01,-0.039139,-0.032314
2021-07-22,-0.016261,0.001374,-0.016261,0.001374
2021-07-23,0.000344,0.000344,-0.016985,-0.00099
2021-07-24,-0.007246,-0.007246,-0.013379,-0.010603
2021-07-25,-0.025685,-0.005198,-0.025685,-0.005198
2021-07-26,-0.054841,0.01,-0.054841,0.01
2021-07-27,0.01,0.01,-0.007785,-0.002248
2021-07-28,-0.002037,0.01,-0.002037,0.01
2021-07-29,0.001493,0.01,0.001493,0.01
2021-07-30,0.01,0.01,-0.002377,-0.002377
2021-07-31,0.01,0.01,0.01,0.01
2021-08-01,0.01,0.01,0.01,0.01
2021-08-02,0.01,0.01,0.01,0.01
2021-08-03,0.01,0.01,0.01,0.01
2021-08-04,0.01,0.01,0.001272,0.001272
2021-08-05,0.01,0.01,0.01,0.01
2021-08-06,0.01,0.01,0.01,0.01
2021-08-07,0.01,0.01,0.01,0.01
2021-08-08,0.01,0.01,0.01,0.01
2021-08-09,0.01,0.01,0.01,0.01
2021-08-10,0.01,0.01,0.01,0.01
2021-08-11,0.01,0.01,0.01,0.01
2021-08-12,0.01,0.01,0.01,0.01
2021-08-13,0.01,0.01,0.01,0.01
2021-08-14,0.01,0.01,0.01,0.01
2021-08-15,0.01,0.01,0.01,0.01
2021-08-16,0.01,0.013924,0.01,0.013924
2021-08-17,0.01,0.01,0.01,0.01
2021-08-18,0.01,0.01,0.01,0.01
2021-08-19,0.01,0.01,0.01,0.01
2021-08-20,0.01,0.014278,0.01,0.014278
2021-08-21,0.01,0.020013,0.01,0.016694
2021-08-22,0.01,0.014813,0.01,0.014813
2021-08-23,0.01,0.03918,0.01,0.023983
2021-08-24,0.0293,0.041348,0.01,0.041348
2021-08-25,0.019568,0.019568,0.01,0.01
2021-08-26,0.01,0.021865,0.01,0.01
2021-08-27,0.01,0.01,0.01,0.01
2021-08-28,0.01,0.03224,0.01,0.023137
2021-08-29,0.01,0.01,0.01,0.01
2021-08-30,0.01,0.02255,0.01,0.02255
2021-08-31,0.036162,0.036162,0.023354,0.023354
2021-09-01,0.044618,0.044618,0.027256,0.033967
2021-09-02,0.04052,0.057405,0.04052,0.057405
2021-09-03,0.047856,0.047856,0.024375,0.024375
2021-09-04,0.043928,0.043928,0.011799,0.019219
2021-09-05,0.01,0.01,0.01,0.01
2021-09-06,0.026783,0.026783,0.01,0.01
2021-09-07,0.01,0.022977,0.01,0.022977
2021-09-08,0.01,0.01,0.01,0.01
2021-09-09,0.01,0.01,0.01,0.01
2021-09-10,0.01,0.011115,0.01,0.011115
2021-09-11,0.01,0.01,0.01,0.01
2021-09-12,0.01,0.01,0.01,0.01
2021-09-13,0.01,0.01,0.01,0.01
2021-09-14,0.01,0.01,0.01,0.01
2021-09-15,0.01,0.01,0.01,0.01
2021-09-16,0.01,0.01,0.01,0.01
2021-09-17,0.01,0.01,0.01,0.01
2021-09-18,0.01,0.01,0.01,0.01
2021-09-19,0.01,0.01,0.01,0.01
2021-09-20,0.01,0.01,0.01,0.01
2021-09-21,0.01,0.01,0.01,0.01
2021-09-22,0.01,0.01,0.01,0.01
2021-09-23,0.004744,0.01,0.004744,0.01
2021-09-24,-0.007856,0.003978,-0.008536,0.003978
2021-09-25,0.01,0.01,0.005629,0.01
2021-09-26,0.002457,0.01,-0.001686,-0.001686
2021-09-27,0.01,0.01,0.01,0.01
2021-09-28,0.002549,0.009756,0.002549,0.009756
2021-09-29,0.004448,0.005661,0.003757,0.005661
2021-09-30,0.01,0.01,0.009235,0.009235
2021-10-01,0.002202,0.01,-0.002693,0.01
2021-10-02,0.005277,0.005938,0.003519,0.005938
2021-10-03,0.01,0.01,0.01,0.01
2021-10-04,0.01,0.01,0.01,0.01
2021-10-05,0.01,0.01,-0.002427,0.000161
2021-10-06,0.01,0.01,0.01,0.01
2021-10-07,0.01,0.032669,0.01,0.032669
2021-10-08,0.033379,0.033379,0.013417,0.013417
2021-10-09,0.01,0.015717,0.01,0.015717
2021-10-10,0.01,0.020906,0.01,0.01
2021-10-11,0.01,0.01,0.01,0.01
2021-10-12,0.01,0.01,0.01,0.01
2021-10-13,0.01,0.01,0.01,0.01
2021-10-14,0.01,0.022797,0.01,0.017282
2021-10-15,0.01,0.036685,0.01,0.01
2021-10-16,0.048084,0.048084,0.027876,0.043303
2021-10-17,0.031281,0.04425,0.031281,0.04425
2021-10-18,0.038415,0.038415,0.01,0.01
2021-10-19,0.01,0.014974,0.01,0.01
2021-10-20,0.01,0.063237,0.01,0.063237
2021-10-21,0.068927,0.068927,0.057124,0.062183
2021-10-22,0.033487,0.033487,0.024509,0.033222
2021-10-23,0.026183,0.026183,0.014854,0.01739
2021-10-24,0.030335,0.037238,0.030335,0.032862
2021-10-25,0.048777,0.048777,0.017861,0.017861
2021-10-26,0.040992,0.060638,0.040992,0.055995
2021-10-27,0.033175,0.033175,0.023017,0.023017
2021-10-28,0.015574,0.015574,0.01,0.013782
2021-10-29,0.02352,0.024122,0.017968,0.017968
2021-10-30,0.016972,0.038483,0.016972,0.023181
2021-10-31,0.019088,0.048915,0.019088,0.043874
2021-11-01,0.032554,0.056812,0.031437,0.056812
2021-11-02,0.015524,0.047797,0.015524,0.047797
2021-11-03,0.08207,0.08207,0.031399,0.031399
2021-11-04,0.045987,0.05075,0.045987,0.046368
2021-11-05,0.018372,0.041167,0.018372,0.041167
2021-11-06,0.053155,0.053155,0.037687,0.037687
2021-11-07,0.017244,0.037438,0.017244,0.037438
2021-11-08,0.025861,0.049328,0.025861,0.04876
2021-11-09,0.038683,0.067839,0.038683,0.067839
2021-11-10,0.037679,0.068212,0.037679,0.057535
2021-11-11,0.023211,0.023211,0.01,0.021812
2021-11-12,0.018008,0.036867,0.018008,0.036867
2021-11-13,0.015442,0.031732,0.015442,0.021842
2021-11-14,0.013962,0.013962,0.01,0.013059
2021-11-15,0.016126,0.040989,0.016126,0.040989
2021-11-16,0.035998,0.035998,0.01,0.01
2021-11-17,0.01,0.013155,0.01,0.01
2021-11-18,0.01,0.011235,0.01,0.011235
2021-11-19,0.01,0.01,0.01,0.01
2021-11-20,0.01,0.01,0.01,0.01
2021-11-21,0.01,0.01,0.01,0.01
2021-11-22,0.01,0.01,0.01,0.01
2021-11-23,0.01,0.012897,0.01,0.01
2021-11-24,0.01,0.01201,0.01,0.01201
2021-11-25,0.014549,0.016775,0.011888,0.011888
2021-11-26,0.013863,0.033741,0.01,0.01
2021-11-27,0.010824,0.010824,0.01,0.01
2021-11-28,0.01,0.01,0.01,0.01
2021-11-29,0.01,0.020774,0.01,0.020774
2021-11-30,0.02781,0.02781,0.01,0.01
2021-12-01,0.012689,0.029146,0.01,0.01
2021-12-02,0.015951,0.015951,0.01,0.01
2021-12-03,0.01,0.027198,0.01,0.027198
2021-12-04,0.01,0.01,0.002893,0.002893
2021-12-05,0.008272,0.01,0.008272,0.01
2021-12-06,0.01,0.01,0.01,0.01
2021-12-07,0.01,0.01,0.003977,0.01
2021-12-08,0.01,0.01,0.01,0.01
2021-12-09,0.01,0.01,0.01,0.01
2021-12-10,0.01,0.01,0.01,0.01
2021-12-11,0.01,0.01,0.01,0.01
2021-12-12,0.01,0.01,0.01,0.01
2021-12-13,0.01,0.01,0.01,0.01
2021-12-14,-0.000493,0.01,-0.000493,0.008838
2021-12-15,0.01,0.01,0.01,0.01
2021-12-16,0.01,0.01,0.01,0.01
2021-12-17,0.01,0.01,0.004678,0.004678
2021-12-18,0.009119,0.009221,0.008402,0.008402
2021-12-19,0.00708,0.01,0.00708,0.01
2021-12-20,0.01,0.01,0.01,0.01
2021-12-21,0.009184,0.01,0.009184,0.01
2021-12-22,0.01,0.01,0.01,0.01
2021-12-23,0.00972,0.01,0.004018,0.004018
2021-12-24,0.01,0.01,0.01,0.01
2021-12-25,0.01,0.01,0.01,0.01
2021-12-26,0.01,0.01,0.01,0.01
2021-12-27,0.01,0.01,0.01,0.01
2021-12-28,0.01,0.01,0.01,0.01
2021-12-29,0.01,0.01,0.01,0.01
2021-12-30,0.01,0.01,0.01,0.01
2021-12-31,-0.003102,0.01,-0.003102,0.01
2022-01-01,0.01,0.01,0.01,0.01
2022-01-02,0.01,0.01,0.01,0.01
2022-01-03,0.01,0.01,0.01,0.01
2022-01-04,0.01,0.01,0.01,0.01
2022-01-05,0.01,0.01,0.01,0.01
2022-01-06,0.01,0.01,0.01,0.01
2022-01-07,0.01,0.01,0.01,0.01
2022-01-08,0.01,0.01,0.01,0.01
2022-01-09,0.01,0.01,0.01,0.01
2022-01-10,0.01,0.01,0.004522,0.01
2022-01-11,0.01,0.01,0.007394,0.01
2022-01-12,-0.004772,0.009625,-0.005342,-0.005342
2022-01-13,-0.007506,0.01,-0.007506,-0.006081
2022-01-14,0.000592,0.000592,-0.00917,-0.006655
2022-01-15,0.002282,0.01,0.002282,0.002661
2022-01-16,0.00907,0.00907,-0.00233,0.00362
2022-01-17,0.001751,0.01,0.001751,0.01
2022-01-18,0.01,0.01,0.009998,0.01
2022-01-19,0.004973,0.01,0.004973,0.01
2022-01-20,0.01,0.01,0.01,0.01
2022-01-21,0.01,0.01,0.004523,0.008226
2022-01-22,-0.001051,0.01,-0.001051,0.01
2022-01-23,0.01,0.01,-0.001573,-0.001573
2022-01-24,0.00348,0.005605,0.00348,0.005009
2022-01-25,0.01,0.01,-0.010008,-0.010008
2022-01-26,0.000676,0.000676,-0.00413,-0.00413
2022-01-27,-0.004869,-0.004869,-0.010186,-0.007554
2022-01-28,-0.000493,0.007165,-0.000493,0.00288
2022-01-29,-0.001093,0.005239,-0.003029,-0.003029
2022-01-30,0.00605,0.01,0.00605,0.01
2022-01-31,0.008927,0.008927,-0.007369,-0.005648
2022-02-01,-0.004,0.006113,-0.006256,-0.006256
2022-02-02,-0.002905,0.01,-0.002905,0.002553
2022-02-03,-0.007716,0.001168,-0.007716,-0.001533
2022-02-04,0.001462,0.01,-0.008571,0.01
2022-02-05,0.007457,0.01,0.007457,0.01
2022-02-06,0.01,0.01,0.01,0.01
2022-02-07,0.001477,0.005264,-0.009617,-0.009617
2022-02-08,0.01,0.01,0.01,0.01
2022-02-09,0.008216,0.008216,0.00512,0.00512
2022-02-10,0.01,0.01,-0.001799,0.01
2022-02-11,0.003895,0.003895,-0.007643,-0.007643
2022-02-12,0.01,0.01,0.01,0.01
2022-02-13,0.008047,0.008047,0.006814,0.006814
2022-02-14,0.009717,0.009717,0.002867,0.006445
2022-02-15,0.01,0.01,-0.00776,0.005462
2022-02-16,0.01,0.01,0.01,0.01
2022-02-17,0.01,0.01,0.01,0.01
2022-02-18,-0.000438,-0.000438,-0.002923,-0.000936
2022-02-19,0.01,0.01,0.000961,0.00771
2022-02-20,0.003023,0.006581,-0.007517,-0.007517
2022-02-21,0.0065,0.0065,-0.004498,-0.003473
2022-02-22,-0.005357,0.002477,-0.005357,-0.003085
2022-02-23,-0.002623,-0.002623,-0.012603,-0.003332
2022-02-24,0.006475,0.006475,-0.016045,-0.00921
2022-02-25,0.01,0.01,0.000998,0.000998
2022-02-26,0.009332,0.01,0.007614,0.007614
2022-02-27,0.005574,0.005574,-0.000628,-0.000628
2022-02-28,-0.021167,-0.005386,-0.021167,-0.005386
2022-03-01,0.01,0.01,0.004369,0.004369
2022-03-02,-0.000507,0.01,-0.000507,0.01
2022-03-03,0.01,0.01,0.01,0.01
2022-03-04,0.01,0.01,0.01,0.01
2022-03-05,0.01,0.01,0.001656,0.001656
2022-03-06,0.004115,0.004115,-0.00096,0.001957
2022-03-07,0.000318,0.000318,-0.008983,-0.003177
2022-03-08,0.003378,0.01,0.003378,0.01
2022-03-09,0.006776,0.01,0.006776,0.01
2022-03-10,0.01,0.01,-0.008919,-0.008919
2022-03-11,-0.009808,0.004301,-0.009808,0.004301
2022-03-12,-0.000307,0.003168,-0.003565,-0.003565
2022-03-13,-0.005855,0.000613,-0.005855,-0.005741
2022-03-14,-0.008009,0.002708,-0.008009,0.002708
2022-03-15,0.005726,0.009061,0.004476,0.009061
2022-03-16,0.01,0.01,0.005871,0.01
2022-03-17,0.01,0.01,0.01,0.01
2022-03-18,0.01,0.01,0.001662,0.01
2022-03-19,0.01,0.01,0.01,0.01
2022-03-20,0.01,0.01,0.01,0.01
2022-03-21,0.01,0.01,-0.000954,-9.3e-05
2022-03-22,0.01,0.01,0.01,0.01
2022-03-23,0.01,0.01,0.007014,0.007014
2022-03-24,0.001664,0.001664,-0.000907,-0.000907
2022-03-25,0.00067,0.009286,0.00067,0.005473
2022-03-26,0.009739,0.01,-0.007111,0.01
2022-03-27,-0.008253,0.01,-0.008253,0.01
2022-03-28,0.01,0.01,0.01,0.01
2022-03-29,0.01,0.01,0.009594,0.009594
2022-03-30,0.01,0.01,0.01,0.01
2022-03-31,0.01,0.01,0.01,0.01
2022-04-01,0.01,0.01,0.007626,0.009193
2022-04-02,0.01,0.01,0.01,0.01
2022-04-03,0.01,0.01,0.01,0.01
2022-04-04,0.01,0.01,0.01,0.01
2022-04-05,0.01,0.01,0.01,0.01
2022-04-06,0.009898,0.01,0.009898,0.01
2022-04-07,0.01,0.01,0.002421,0.002421
2022-04-08,0.004306,0.01,0.004306,0.01
2022-04-09,0.01,0.01,0.009279,0.01
2022-04-10,0.002721,0.01,0.002721,0.01
2022-04-11,0.000243,0.01,0.000243,0.01
2022-04-12,-0.006795,-0.006795,-0.010012,-0.007001
2022-04-13,-0.001692,0.000753,-0.001692,-0.001485
2022-04-14,0.005018,0.005018,0.003533,0.004423
2022-04-15,-0.013233,0.007697,-0.013233,0.007697
2022-04-16,0.002197,0.006201,0.002197,0.006201
2022-04-17,0.00072,0.01,0.00072,0.01
2022-04-18,-0.003231,-0.003231,-0.017197,-0.005436
2022-04-19,0.01,0.01,-0.005028,-0.005028
2022-04-20,0.00945,0.009543,0.003714,0.003714
2022-04-21,0.000177,0.005359,-0.005245,0.005359
2022-04-22,0.003026,0.003026,-0.016984,-0.000415
2022-04-23,-0.009023,-0.007562,-0.011883,-0.011883
2022-04-24,-0.018273,-0.003654,-0.018273,-0.003654
2022-04-25,-0.008908,0.007223,-0.008908,0.007223
2022-04-26,0.01,0.01,0.01,0.01
2022-04-27,-0.01264,0.001968,-0.01264,0.001968
2022-04-28,-0.005716,0.01,-0.005716,0.01
2022-04-29,0.01,0.01,0.002628,0.002628
2022-04-30,-0.009371,0.005926,-0.009371,0.005926
2022-05-01,0.002403,0.01,9.5e-05,0.01
2022-05-02,0.01,0.01,0.009,0.01
2022-05-03,0.01,0.01,0.01,0.01
2022-05-04,0.01,0.01,0.002504,0.01
2022-05-05,0.01,0.01,0.01,0.01
2022-05-06,-0.01346,0.004197,-0.01346,0.004197
2022-05-07,-0.005273,0.005998,-0.005273,0.000713
2022-05-08,-0.002659,0.01,-0.002659,0.01
2022-05-09,0.01,0.01,0.01,0.01
2022-05-10,0.01,0.01,0.01,0.01
2022-05-11,0.00758,0.00758,-0.003512,-0.003512
2022-05-12,-0.018773,-0.014678,-0.041995,-0.014678
2022-05-13,-0.007127,0.006045,-0.007127,0.006045
2022-05-14,0.01,0.01,0.01,0.01
2022-05-15,0.00829,0.01,0.00829,0.009053
2022-05-16,0.01,0.01,0.00494,0.00494
2022-05-17,0.01,0.01,-0.00071,0.004705
2022-05-18,-0.006956,0.002893,-0.006956,0.002893
2022-05-19,-0.000341,0.007465,-0.000341,0.007465
2022-05-20,0.01,0.01,0.01,0.01
2022-05-21,-0.000202,0.002549,-0.002146,0.002549
2022-05-22,0.00241,0.01,-0.003063,0.01
2022-05-23,0.01,0.01,0.01,0.01
2022-05-24,-0.012372,0.002892,-0.012372,0.002892
2022-05-25,0.003679,0.01,0.003679,0.01
2022-05-26,0.007516,0.01,0.000721,0.000721
2022-05-27,0.01,0.01,0.01,0.01
2022-05-28,0.01,0.01,0.008712,0.01
2022-05-29,0.01,0.01,0.01,0.01
2022-05-30,0.01,0.01,0.01,0.01
2022-05-31,0.01,0.01,0.01,0.01
2022-06-01,0.01,0.01,0.01,0.01
2022-06-02,-0.001452,0.002265,-0.001452,0.002107
2022-06-03,-0.003378,0.006937,-0.003378,0.006937
2022-06-04,0.00027,0.005506,0.00027,0.005506
2022-06-05,0.004358,0.004753,0.002828,0.004753
2022-06-06,0.006036,0.01,0.006036,0.01
2022-06-07,0.01,0.01,-0.010234,-0.003705
2022-06-08,0.01,0.01,0.01,0.01
2022-06-09,0.01,0.01,0.009106,0.01
2022-06-10,0.01,0.01,0.003503,0.003503
2022-06-11,0.001762,0.006606,0.000379,0.006606
2022-06-12,0.01,0.01,0.000439,0.000439
2022-06-13,0.005616,0.005616,-0.003182,-0.00058
2022-06-14,0.004088,0.004088,-0.010037,-0.005186
2022-06-15,-0.002077,-0.000666,-0.00724,-0.000666
2022-06-16,-0.004114,0.004475,-0.005277,-0.005277
2022-06-17,-0.002222,0.005092,-0.009486,0.005092
2022-06-18,0.007356,0.007356,0.004575,0.005227
2022-06-19,0.004243,0.007239,-0.004559,0.007239
2022-06-20,0.000873,0.00608,-0.00054,0.00608
2022-06-21,0.01,0.01,0.002028,0.002028
2022-06-22,0.000178,0.000178,-0.002982,-0.00164
2022-06-23,-0.000872,-0.000872,-0.002656,-0.002656
2022-06-24,0.006006,0.01,0.006006,0.01
2022-06-25,0.002621,0.01,0.002621,0.01
2022-06-26,0.01,0.01,0.000669,0.000669
2022-06-27,0.00782,0.00782,0.003533,0.006102
2022-06-28,-0.002586,0.002435,-0.005613,0.002435
2022-06-29,0.004188,0.008335,0.004188,0.005319
2022-06-30,0.000324,0.000324,-0.015879,-0.015879
2022-07-01,-0.008786,0.003106,-0.008786,-0.008061
2022-07-02,-0.002913,0.005218,-0.002913,0.00212
2022-07-03,0.00357,0.007251,0.00357,0.007251
2022-07-04,0.007792,0.007792,0.002248,0.002248
2022-07-05,0.005291,0.01,0.00012,0.00012
2022-07-06,0.01,0.01,0.008373,0.008373
2022-07-07,0.005274,0.01,0.005274,0.01
2022-07-08,0.000212,0.01,0.000212,0.01
2022-07-09,0.01,0.01,0.006143,0.006143
2022-07-10,0.009962,0.01,0.009962,0.01
2022-07-11,0.004543,0.0085,0.004543,0.0085
2022-07-12,0.008003,0.008003,0.002667,0.002667
2022-07-13,-0.001204,0.000617,-0.001218,-0.001218
2022-07-14,5.7e-05,0.01,5.7e-05,0.003451
2022-07-15,0.009257,0.009257,0.001401,0.001601
2022-07-16,0.006055,0.007996,0.0008,0.0008
2022-07-17,0.008038,0.01,0.008038,0.008709
2022-07-18,0.01,0.01,0.01,0.01
2022-07-19,0.01,0.01,0.01,0.01
2022-07-20,0.01,0.01,0.008118,0.008118
2022-07-21,0.01,0.01,0.01,0.01
2022-07-22,0.01,0.01,0.005172,0.005172
2022-07-23,0.009043,0.01,0.001021,0.01
2022-07-24,0.00377,0.01,0.00377,0.008293
2022-07-25,0.01,0.01,0.001238,0.002319
2022-07-26,0.01,0.01,0.003654,0.008659
2022-07-27,0.004591,0.005085,0.002951,0.002951
2022-07-28,0.009229,0.01,0.009229,0.01
2022-07-29,0.01,0.01,0.01,0.01
2022-07-30,0.01,0.01,0.01,0.01
2022-07-31,0.01,0.01,0.006281,0.006281
2022-08-01,0.01,0.01,0.006449,0.006449
2022-08-02,0.01,0.01,0.005885,0.005885
2022-08-03,0.000328,0.004382,-0.00396,0.004382
2022-08-04,-0.000191,0.001778,-0.000191,0.001436
2022-08-05,0.001692,0.006774,0.001692,0.002115
2022-08-06,0.006888,0.01,0.006888,0.01
2022-08-07,0.01,0.01,-0.000737,0.002401
2022-08-08,0.01,0.01,0.00279,0.01
2022-08-09,0.01,0.01,0.00792,0.01
2022-08-10,-0.001314,0.00944,-0.001314,0.00944
2022-08-11,0.007206,0.01,0.004911,0.004911
2022-08-12,0.009024,0.009024,-0.003384,-0.003384
2022-08-13,-0.003559,0.008455,-0.003559,0.002154
2022-08-14,0.002396,0.002396,-0.000333,0.001239
2022-08-15,-0.003766,0.001077,-0.003766,-0.001339
2022-08-16,0.003243,0.003243,0.000156,0.00287
2022-08-17,0.000466,0.009364,0.000262,0.009364
2022-08-18,0.008391,0.01,0.007171,0.007171
2022-08-19,0.01,0.01,-0.006746,-0.006746
2022-08-20,0.00107,0.00107,-0.006722,-0.004567
2022-08-21,-0.001957,-0.001957,-0.003589,-0.003234
2022-08-22,-0.008092,0.004021,-0.008092,0.004021
2022-08-23,-0.003345,0.000846,-0.004031,0.000846
2022-08-24,0.002509,0.002509,-0.004353,-0.003538
2022-08-25,0.000128,0.004481,0.000128,0.004481
2022-08-26,-0.001707,0.003207,-0.001707,0.002599
2022-08-27,-0.002808,-0.002808,-0.00629,-0.004396
2022-08-28,-0.001396,-0.001396,-0.008758,-0.002443
2022-08-29,-0.013623,-0.006193,-0.013623,-0.006193
2022-08-30,0.001123,0.001123,-0.005903,-0.005903
2022-08-31,-0.002089,0.005779,-0.002089,0.00495
2022-09-01,0.00939,0.00939,0.002266,0.00363
2022-09-02,0.002498,0.004905,0.002498,0.004443
2022-09-03,-0.000199,0.009442,-0.000199,0.001115
2022-09-04,0.000588,0.005463,0.000588,0.002119
2022-09-05,0.008292,0.008292,-0.000737,0.004712
2022-09-06,-0.000245,0.003473,-0.000245,0.003473
2022-09-07,-0.008601,0.002729,-0.008601,-0.00348
2022-09-08,0.00062,0.005667,0.00062,0.005667
2022-09-09,0.001312,0.01,0.001312,0.01
2022-09-10,0.01,0.01,0.009764,0.01
2022-09-11,0.007115,0.01,0.006712,0.006712
2022-09-12,0.01,0.01,0.008246,0.01
2022-09-13,0.009965,0.01,0.009965,0.01
2022-09-14,-0.003953,0.001004,-0.003953,0.001004
2022-09-15,0.000324,0.01,0.000324,0.000813
2022-09-16,0.008055,0.008055,0.002919,0.002919
2022-09-17,0.003024,0.004336,0.001467,0.001467
2022-09-18,0.006428,0.00782,0.003564,0.003564
2022-09-19,0.003581,0.003581,-0.009289,0.0006
2022-09-20,0.007813,0.007813,0.001721,0.001721
2022-09-21,0.005185,0.005185,0.001478,0.002732
2022-09-22,-0.011779,0.007743,-0.011779,0.007743
2022-09-23,0.007261,0.007261,-0.005008,-0.005008
2022-09-24,0.002947,0.005345,0.001676,0.005345
2022-09-25,0.000999,0.003653,0.000999,0.002593
2022-09-26,-0.00066,0.004497,-0.00066,0.004497
2022-09-27,0.002244,0.01,0.002244,0.008538
2022-09-28,0.001141,0.005332,-0.001071,0.005332
2022-09-29,0.005681,0.007641,0.005681,0.006685
2022-09-30,0.01,0.01,0.01,0.01
2022-10-01,0.003198,0.01,0.003198,0.007005
2022-10-02,0.004262,0.005816,0.004262,0.005384
2022-10-03,0.003996,0.01,0.003996,0.01
2022-10-04,0.01,0.01,0.01,0.01
2022-10-05,0.01,0.01,0.01,0.01
2022-10-06,0.01,0.01,0.01,0.01
2022-10-07,0.01,0.01,0.007513,0.007513
2022-10-08,0.00385,0.007345,0.00385,0.004149
2022-10-09,0.003246,0.003246,0.001776,0.001951
2022-10-10,0.006241,0.01,0.006069,0.01
2022-10-11,0.01,0.01,0.01,0.01
2022-10-12,0.01,0.01,0.01,0.01
2022-10-13,0.007466,0.01,0.003936,0.003936
2022-10-14,0.003235,0.01,0.003235,0.008395
2022-10-15,0.004317,0.004563,0.003772,0.004563
2022-10-16,0.002735,0.003394,0.000461,0.003394
2022-10-17,0.000331,0.006458,0.000331,0.006458
2022-10-18,0.01,0.01,0.01,0.01
2022-10-19,0.007598,0.01,0.007598,0.01
2022-10-20,0.01,0.01,0.002095,0.002095
2022-10-21,0.004708,0.004708,-0.00089,-0.00089
2022-10-22,0.003721,0.00836,-0.000319,-0.000319
2022-10-23,0.004152,0.005174,0.001171,0.005174
2022-10-24,0.01,0.01,0.002328,0.002328
2022-10-25,0.004327,0.009019,-0.000166,-0.000166
2022-10-26,0.002243,0.006122,0.002243,0.006122
2022-10-27,1.3e-05,0.001376,-0.002276,0.001376
2022-10-28,-0.001228,0.003541,-0.002629,-0.002629
2022-10-29,0.002484,0.004755,0.002484,0.004205
2022-10-30,-0.002515,0.005135,-0.002515,0.005135
2022-10-31,0.001504,0.003842,-0.000434,-0.000434
2022-11-01,0.000722,0.001302,-0.001088,0.001302
2022-11-02,0.004787,0.006046,0.001203,0.006046
2022-11-03,0.00268,0.00694,0.00044,0.00694
2022-11-04,0.004429,0.006899,0.001148,0.006899
2022-11-05,0.004409,0.01,0.004409,0.01
2022-11-06,0.006491,0.009732,0.006491,0.006866
2022-11-07,0.007813,0.01,0.007813,0.01
2022-11-08,0.006515,0.009446,-0.000788,0.009446
2022-11-09,-0.013884,0.007305,-0.032976,-0.032976
2022-11-10,-0.119172,-0.023833,-0.119172,-0.023833
2022-11-11,-0.019452,-0.005802,-0.019452,-0.005802
2022-11-12,0.0053,0.006521,-0.002406,0.006521
2022-11-13,0.000333,0.002816,-0.007357,0.002816
2022-11-14,-0.003809,-0.001132,-0.007645,-0.001132
2022-11-15,-0.010925,0.002275,-0.017664,0.002275
2022-11-16,-0.013216,0.001121,-0.013216,-0.006617
2022-11-17,-0.004542,-0.002701,-0.005138,-0.002701
2022-11-18,-0.002836,0.002398,-0.002836,0.000955
2022-11-19,0.005556,0.007897,-0.001169,-0.001169
2022-11-20,-0.000779,0.003552,-0.000979,-0.000979
2022-11-21,0.007898,0.007898,-0.001218,0.002302
2022-11-22,-0.007485,0.007881,-0.007485,0.007881
2022-11-23,0.009406,0.01,-0.00039,-0.00039
2022-11-24,0.00542,0.006272,0.002012,0.006272
2022-11-25,0.002058,0.002058,0.000461,0.001329
2022-11-26,0.003859,0.003859,-0.002455,0.003523
2022-11-27,0.001063,0.003784,-0.003066,0.003784
2022-11-28,0.002303,0.002303,2.1e-05,2.1e-05
2022-11-29,0.00476,0.00476,-0.000385,0.004171
2022-11-30,0.003404,0.009511,0.003404,0.009511
2022-12-01,0.001029,0.01,-0.005001,0.01
2022-12-02,0.008203,0.008203,-0.003753,-0.003753
2022-12-03,0.003302,0.01,0.003302,0.01
2022-12-04,0.006174,0.006437,0.004581,0.004581
2022-12-05,5.4e-05,0.004603,-0.004218,0.004603
2022-12-06,0.002206,0.004118,0.002206,0.002305
2022-12-07,0.007887,0.007887,-0.001492,-0.001492
2022-12-08,0.001183,0.002152,0.000167,0.000167
2022-12-09,0.001178,0.004007,0.001178,0.003198
2022-12-10,-0.001669,0.001711,-0.001669,0.001711
2022-12-11,0.000929,0.000929,0.000692,0.000692
2022-12-12,0.002406,0.002638,-0.00167,-0.00167
2022-12-13,0.003003,0.01,0.001971,0.01
2022-12-14,0.01,0.01,0.01,0.01
2022-12-15,0.01,0.01,0.00518,0.00518
2022-12-16,0.004842,0.005706,-0.001987,-0.001987
2022-12-17,0.002013,0.009707,0.002013,0.009707
2022-12-18,0.006274,0.006828,-0.000647,-0.000647
2022-12-19,0.006468,0.006468,0.003493,0.004496
2022-12-20,0.005611,0.005611,-1.2e-05,0.003401
2022-12-21,0.003778,0.007742,0.003778,0.007582
2022-12-22,0.002918,0.008167,0.002918,0.007198
2022-12-23,0.01,0.01,0.008903,0.008903
2022-12-24,0.01,0.01,0.004748,0.006222
2022-12-25,0.000521,0.00306,0.000521,0.00306
2022-12-26,0.003319,0.003319,-0.005064,0.002871
2022-12-27,0.008655,0.008655,0.001102,0.001951
2022-12-28,0.004252,0.009764,0.002111,0.002111
2022-12-29,0.009985,0.01,0.008532,0.01
2022-12-30,0.01,0.01,0.007132,0.01
2022-12-31,0.01,0.01,0.01,0.01
2023-01-01,0.01,0.01,0.000691,0.000691
2023-01-02,-0.001488,0.00267,-0.004356,0.00267
2023-01-03,0.01,0.01,0.003322,0.003322
2023-01-04,0.006489,0.006489,0.003388,0.004931
2023-01-05,0.005417,0.007264,0.004436,0.007264
2023-01-06,0.005587,0.008658,0.005587,0.008658
2023-01-07,0.002508,0.01,0.000671,0.01
2023-01-08,0.005657,0.01,0.005657,0.007452
2023-01-09,0.005796,0.005796,-0.000666,0.000905
2023-01-10,0.002417,0.009685,0.002417,0.003129
2023-01-11,0.002761,0.002761,-0.000211,-0.000211
2023-01-12,0.007549,0.01,0.007549,0.01
2023-01-13,0.01,0.01,0.00716,0.00716
2023-01-14,0.008746,0.045847,0.008746,0.01
2023-01-15,0.013712,0.019892,0.012434,0.019892
2023-01-16,0.01,0.01,0.01,0.01
2023-01-17,0.01,0.01,0.01,0.01
2023-01-18,0.01,0.01,0.01,0.01
2023-01-19,0.01,0.01,0.01,0.01
2023-01-20,0.01,0.01,0.01,0.01
2023-01-21,0.01,0.01,0.01,0.01
2023-01-22,0.01,0.01,0.01,0.01
2023-01-23,0.01,0.01,0.01,0.01
2023-01-24,0.01,0.01,0.01,0.01
2023-01-25,0.01,0.01,0.01,0.01
2023-01-26,0.01,0.01,0.01,0.01
2023-01-27,0.01,0.01,0.009541,0.01
2023-01-28,0.01,0.01,0.01,0.01
2023-01-29,0.01,0.01,0.01,0.01
2023-01-30,0.01,0.01,0.01,0.01
2023-01-31,0.01,0.01,0.01,0.01
2023-02-01,0.01,0.01,0.01,0.01
2023-02-02,0.01,0.01,0.01,0.01
2023-02-03,0.01,0.01,0.01,0.01
2023-02-04,0.01,0.01,0.01,0.01
2023-02-05,0.01,0.01,0.01,0.01
2023-02-06,0.01,0.01,0.01,0.01
2023-02-07,0.01,0.01,0.01,0.01
2023-02-08,0.01,0.01,0.01,0.01
2023-02-09,0.01,0.01,0.01,0.01
2023-02-10,0.01,0.01,0.01,0.01
2023-02-11,0.007684,0.007684,0.005241,0.005241
2023-02-12,0.005343,0.01,0.00227,0.00227
2023-02-13,0.002074,0.01,0.002074,0.01
2023-02-14,0.01,0.01,0.008887,0.008887
2023-02-15,0.002377,0.009071,0.002377,0.009071
2023-02-16,0.01,0.023171,0.01,0.023171
2023-02-17,0.01,0.01,0.01,0.01
2023-02-18,0.01,0.01,0.01,0.01
2023-02-19,0.01,0.01,0.01,0.01
2023-02-20,0.01,0.01,0.01,0.01
2023-02-21,0.01,0.01,0.01,0.01
2023-02-22,0.01,0.01,0.01,0.01
2023-02-23,0.01,0.01,0.003506,0.003631
2023-02-24,0.004978,0.00544,0.004949,0.00544
2023-02-25,0.001183,0.001183,-4.8e-05,-4.8e-05
2023-02-26,0.007372,0.007372,0.00276,0.006581
2023-02-27,0.008144,0.008144,0.001196,0.006826
2023-02-28,0.003414,0.00595,0.001985,0.00595
2023-03-01,0.000185,0.01,0.000185,0.01
2023-03-02,0.008612,0.008703,0.008395,0.008395
2023-03-03,0.01,0.01,-0.004203,-0.000226
2023-03-04,0.00053,0.003812,0.00053,0.002104
2023-03-05,0.001874,0.003706,0.000544,0.003706
2023-03-06,0.004054,0.00546,0.004054,0.005414
2023-03-07,0.001173,0.004375,0.001173,0.002631
2023-03-08,0.002917,0.01,0.002917,0.01
2023-03-09,0.01,0.01,0.01,0.01
2023-03-10,-0.008895,0.000526,-0.008895,-0.001647
2023-03-11,0.002364,0.002364,-0.002341,-0.002341
2023-03-12,0.000376,0.009088,-0.004068,-0.004068
2023-03-13,0.01,0.01,0.006011,0.01
2023-03-14,0.015042,0.029811,0.01,0.029811
2023-03-15,0.01,0.024127,0.01,0.022126
2023-03-16,0.01,0.01,0.01,0.01
2023-03-17,0.003311,0.01,0.003311,0.01
2023-03-18,0.01,0.01,0.01,0.01
2023-03-19,0.01,0.01,0.01,0.01
2023-03-20,0.01,0.01,0.009081,0.01
2023-03-21,0.008118,0.008118,0.000292,0.000292
2023-03-22,0.000268,0.005334,6e-06,0.005334
2023-03-23,0.000248,0.01,-0.00109,0.01
2023-03-24,0.01,0.01,0.01,0.01
2023-03-25,-0.00031,0.000425,-0.00031,0.000292
2023-03-26,6.1e-05,0.003634,-0.003326,0.003634
2023-03-27,0.002905,0.002905,-0.000396,-0.000396
2023-03-28,-0.001428,0.007531,-0.001428,0.007531
2023-03-29,0.006075,0.01,0.006075,0.01
2023-03-30,0.006987,0.006987,0.001123,0.001123
2023-03-31,-0.002712,0.01,-0.002712,0.01
2023-04-01,0.01,0.01,0.00884,0.00884
2023-04-02,0.004527,0.006893,0.004514,0.004514
2023-04-03,0.001759,0.005688,-0.00124,0.005688
2023-04-04,-0.006009,-0.001276,-0.006009,-0.001276
2023-04-05,0.00276,0.008517,0.00276,0.005265
2023-04-06,0.001442,0.003598,-0.002975,-0.002975
2023-04-07,0.001004,0.001055,-0.001473,0.001055
2023-04-08,0.000268,0.003192,0.000268,0.003192
2023-04-09,0.00095,0.00095,-0.000904,-0.000853
2023-04-10,0.01,0.01,0.006167,0.006167
2023-04-11,0.01,0.01,0.01,0.01
2023-04-12,0.009582,0.009582,0.001747,0.001747
2023-04-13,0.006665,0.01,0.004427,0.01
2023-04-14,-0.000113,0.01,-0.000113,0.00342
2023-04-15,-0.004975,0.01,-0.004975,0.01
2023-04-16,0.007144,0.01,0.007144,0.01
2023-04-17,0.01,0.01,0.007376,0.01
2023-04-18,0.004683,0.006772,-0.00051,0.006772
2023-04-19,0.01,0.01,-8.1e-05,-8.1e-05
2023-04-20,0.008579,0.008579,0.003668,0.005898
2023-04-21,0.006297,0.01,0.006297,0.01
2023-04-22,0.01,0.01,0.00209,0.00209
2023-04-23,0.003768,0.003768,0.001376,0.002369
2023-04-24,0.004679,0.004679,0.00263,0.00263
2023-04-25,0.005066,0.008541,0.005066,0.008541
2023-04-26,0.004346,0.01,0.001686,0.01
2023-04-27,0.002518,0.005769,0.002518,0.003265
2023-04-28,0.01,0.01,0.004476,0.004476
2023-04-29,3.7e-05,0.007826,3.7e-05,0.007826
2023-04-30,0.003132,0.006078,0.003132,0.006078
2023-05-01,0.002435,0.002435,-0.00637,0.000566
2023-05-02,0.000968,0.006135,0.000968,0.001204
2023-05-03,0.008568,0.008568,0.005435,0.005701
2023-05-04,0.01,0.01,0.004314,0.004314
2023-05-05,0.003731,0.009909,0.003731,0.008548
2023-05-06,0.01,0.01,0.01,0.01
2023-05-07,0.004321,0.006046,0.004047,0.006046
2023-05-08,0.00072,0.003902,0.000407,0.003902
2023-05-09,0.00511,0.006841,0.000378,0.000378
2023-05-10,0.003752,0.004785,0.003752,0.003792
2023-05-11,0.001596,0.006926,0.001596,0.005207
2023-05-12,0.003633,0.003964,0.002762,0.002762
2023-05-13,-1e-05,0.005385,-1e-05,0.004494
2023-05-14,0.001715,0.003537,0.001715,0.003537
2023-05-15,0.004407,0.004407,-0.001576,-0.00019
2023-05-16,0.00866,0.00866,0.003165,0.0058
2023-05-17,0.008392,0.008392,0.004461,0.004461
2023-05-18,0.01,0.01,0.008342,0.008342
2023-05-19,0.002716,0.004474,0.002716,0.003815
2023-05-20,0.005313,0.005313,-0.000849,-0.000849
2023-05-21,0.004776,0.007262,0.004776,0.005071
2023-05-22,0.003019,0.00477,0.00021,0.00477
2023-05-23,0.01,0.01,0.01,0.01
2023-05-24,0.01,0.01,0.002067,0.004362
2023-05-25,0.00582,0.01,0.00582,0.01
2023-05-26,0.01,0.01,0.004953,0.004953
2023-05-27,0.007146,0.008564,0.007146,0.007362
2023-05-28,0.00988,0.01,0.00988,0.01
2023-05-29,0.01,0.01,0.01,0.01
2023-05-30,0.006187,0.009036,0.003861,0.003861
2023-05-31,0.002344,0.009865,0.002344,0.009865
2023-06-01,0.002096,0.01,0.002096,0.01
2023-06-02,0.00477,0.009946,0.00477,0.009946
2023-06-03,0.00742,0.01,0.005566,0.005566
2023-06-04,0.00485,0.01,0.00485,0.01
2023-06-05,0.01,0.01,0.007856,0.007856
2023-06-06,-0.007157,0.004288,-0.007157,0.004288
2023-06-07,0.01,0.01,0.004005,0.004005
2023-06-08,0.005504,0.005504,0.00309,0.004011
2023-06-09,0.006588,0.007916,0.004404,0.004404
2023-06-10,0.008702,0.008702,0.002417,0.003854
2023-06-11,0.00445,0.005925,0.003197,0.005925
2023-06-12,0.00866,0.00866,0.003065,0.003624
2023-06-13,0.01,0.01,0.00618,0.006503
2023-06-14,0.002438,0.003661,0.002438,0.003661
2023-06-15,-0.003265,0.006687,-0.003265,0.006687
2023-06-16,0.003971,0.003971,0.000236,0.000236
2023-06-17,0.009868,0.01,0.007543,0.007543
2023-06-18,0.003706,0.008233,0.003706,0.006705
2023-06-19,0.00704,0.00704,0.00369,0.00369
2023-06-20,0.00435,0.00435,-0.002597,-0.002597
2023-06-21,0.006295,0.01,0.002551,0.002551
2023-06-22,0.01,0.01,0.009236,0.009236
2023-06-23,0.01,0.01,0.01,0.01
2023-06-24,0.01,0.01,0.01,0.01
2023-06-25,0.01,0.01,0.01,0.01
2023-06-26,0.01,0.01,0.01,0.01
2023-06-27,0.01,0.01,0.01,0.01
2023-06-28,0.01,0.01,0.004598,0.004598
2023-06-29,0.006574,0.01,0.006574,0.01
2023-06-30,0.01,0.01,0.01,0.01
2023-07-01,0.01,0.01,0.01,0.01
2023-07-02,0.01,0.01,0.01,0.01
2023-07-03,0.01,0.01,0.01,0.01
2023-07-04,0.01,0.01,0.01,0.01
2023-07-05,0.01,0.01,0.01,0.01
2023-07-06,0.01,0.01,0.001492,0.001492
2023-07-07,0.000698,0.004221,-0.000658,-0.000658
2023-07-08,0.003757,0.003757,0.001686,0.001686
2023-07-09,0.005707,0.006821,0.005707,0.006153
2023-07-10,-0.002182,0.00485,-0.002182,0.002995
2023-07-11,0.00801,0.008265,0.003954,0.003954
2023-07-12,0.007041,0.007041,0.00465,0.00465
2023-07-13,-0.001135,0.00612,-0.001135,0.000529
2023-07-14,0.01,0.01,0.01,0.01
2023-07-15,-0.007313,0.003007,-0.007313,0.002984
2023-07-16,0.001993,0.007772,0.001993,0.004583
2023-07-17,0.002785,0.006278,0.002785,0.006261
2023-07-18,0.003983,0.007477,0.003983,0.007477
2023-07-19,0.01,0.01,0.005224,0.00769
2023-07-20,0.002652,0.009641,0.002652,0.005563
2023-07-21,0.002877,0.003717,0.000777,0.003717
2023-07-22,0.002195,0.002195,0.000177,0.000177
2023-07-23,0.002908,0.01,0.002908,0.009372
2023-07-24,0.01,0.01,0.004338,0.01
2023-07-25,0.007702,0.009465,0.006913,0.009465
2023-07-26,0.009451,0.01,0.005768,0.005768
2023-07-27,0.003136,0.00383,0.002876,0.002876
2023-07-28,0.004373,0.01,0.004373,0.01
2023-07-29,0.01,0.01,0.004567,0.00753
2023-07-30,0.008151,0.008151,0.004357,0.004357
2023-07-31,0.002369,0.008239,0.002369,0.008239
2023-08-01,0.0063,0.01,0.0063,0.01
2023-08-02,0.01,0.01,0.01,0.01
2023-08-03,0.01,0.01,0.01,0.01
2023-08-04,0.008116,0.01,0.008116,0.01
2023-08-05,0.004181,0.01,0.004181,0.01
2023-08-06,0.01,0.01,0.01,0.01
2023-08-07,0.01,0.01,0.007669,0.01
2023-08-08,0.01,0.01,0.005944,0.005944
2023-08-09,0.00811,0.009527,0.00811,0.008877
2023-08-10,0.01,0.01,0.008277,0.008277
2023-08-11,0.01,0.01,0.007123,0.007123
2023-08-12,0.01,0.01,0.009305,0.009305
2023-08-13,0.01,0.01,0.004637,0.01
2023-08-14,0.01,0.01,0.01,0.01
2023-08-15,0.01,0.01,0.01,0.01
2023-08-16,0.01,0.01,0.01,0.01
2023-08-17,0.01,0.01,0.01,0.01
2023-08-18,0.01,0.01,-4.6e-05,0.005166
2023-08-19,-0.000274,-0.000274,-0.005286,-0.005286
2023-08-20,-0.003069,-0.000193,-0.004364,-0.000193
2023-08-21,-0.002797,0.000816,-0.002797,-0.001619
2023-08-22,-0.000308,0.003048,-0.001928,0.003048
2023-08-23,0.000739,0.003247,-0.00102,0.003247
2023-08-24,-0.002822,0.0049,-0.002822,0.0049
2023-08-25,-0.000659,0.005218,-0.000659,0.005218
2023-08-26,0.00382,0.005334,0.002096,0.002096
2023-08-27,9.9e-05,0.003976,9.9e-05,0.001232
2023-08-28,-0.000395,0.004524,-0.000395,0.004524
2023-08-29,0.000824,0.003769,-0.010934,-0.010934
2023-08-30,0.004868,0.005731,0.003944,0.003944
2023-08-31,0.002909,0.008105,0.002909,0.008105
2023-09-01,0.002583,0.006254,0.002583,0.006254
2023-09-02,0.004998,0.004998,-0.002018,-0.002018
2023-09-03,0.004839,0.004839,0.000235,0.00289
2023-09-04,0.00269,0.00269,-0.001059,-0.001059
2023-09-05,5.3e-05,0.003366,5.3e-05,0.003366
2023-09-06,0.001737,0.002135,-0.002763,0.002135
2023-09-07,0.00383,0.006924,0.00383,0.006924
2023-09-08,-0.001525,0.000512,-0.001691,-0.001691
2023-09-09,-0.005057,0.001423,-0.005057,0.001423
2023-09-10,-7.3e-05,0.003294,-7.3e-05,0.002609
2023-09-11,-0.0003,0.001838,-0.0003,0.001838
2023-09-12,0.00273,0.005425,-0.003502,-0.003502
2023-09-13,0.002342,0.003099,0.00126,0.003099
2023-09-14,0.000461,0.003428,-0.004748,-0.004748
2023-09-15,-0.002641,0.007561,-0.002641,0.007561
2023-09-16,-0.001381,-0.001381,-0.00432,-0.003161
2023-09-17,0.000897,0.001142,0.000649,0.000649
2023-09-18,-0.000508,0.000579,-0.006774,-0.006774
2023-09-19,0.002468,0.002468,-0.001972,-0.001756
2023-09-20,-0.002614,-0.000991,-0.003777,-0.000991
2023-09-21,-2.9e-05,0.007429,-2.9e-05,0.007429
2023-09-22,-6.2e-05,0.002136,-6.2e-05,0.002136
2023-09-23,0.006676,0.006676,0.000209,0.000209
2023-09-24,-0.001392,0.004721,-0.001392,0.002887
2023-09-25,-0.00126,0.008565,-0.00126,0.004792
2023-09-26,-0.00391,0.005626,-0.00391,0.005626
2023-09-27,0.009944,0.009944,0.002074,0.002074
2023-09-28,0.000674,0.000674,-0.004732,-0.004732
2023-09-29,-0.003894,0.000476,-0.003894,0.000476
2023-09-30,0.000643,0.001864,0.000643,0.001525
2023-10-01,0.000295,0.000295,-0.002263,-0.002263
2023-10-02,0.005831,0.005831,-0.001477,-0.001477
2023-10-03,0.004172,0.004172,0.001667,0.0025
2023-10-04,0.006031,0.0062,-0.002857,-0.002857
2023-10-05,-0.003807,-0.002302,-0.004268,-0.002302
2023-10-06,-0.001106,0.001436,-0.003149,-0.003149
2023-10-07,0.002124,0.002849,0.002083,0.002083
2023-10-08,0.000314,0.005163,0.000314,0.005163
2023-10-09,0.003992,0.007838,0.003515,0.007838
2023-10-10,0.006349,0.006349,0.001894,0.004548
2023-10-11,0.005918,0.00833,0.005918,0.006319
2023-10-12,0.01,0.01,0.002661,0.007304
2023-10-13,0.002294,0.002326,0.002039,0.002326
2023-10-14,0.000105,0.002456,0.000105,0.002456
2023-10-15,-0.001509,0.004292,-0.001509,0.002224
2023-10-16,0.000511,0.009644,2.8e-05,0.009644
2023-10-17,0.000204,0.001493,-0.002311,-0.002311
2023-10-18,-0.003343,0.001644,-0.003343,0.001644
2023-10-19,-0.001028,-0.000624,-0.011006,-0.011006
2023-10-20,-0.009272,0.002687,-0.009272,0.002687
2023-10-21,-0.001585,0.005827,-0.001585,0.005827
2023-10-22,0.002567,0.003115,0.002567,0.003115
2023-10-23,0.00825,0.00959,0.000648,0.000648
2023-10-24,0.01,0.01,0.01,0.01
2023-10-25,0.01,0.01,0.01,0.01
2023-10-26,0.01,0.01,0.01,0.01
2023-10-27,0.01,0.01,0.01,0.01
2023-10-28,0.01,0.01,0.01,0.01
2023-10-29,0.01,0.01,0.01,0.01
2023-10-30,0.01,0.01,0.01,0.01
2023-10-31,0.01,0.01,0.01,0.01
2023-11-01,0.01,0.01,0.01,0.01
2023-11-02,0.01,0.01,0.01,0.01
2023-11-03,0.01,0.01,0.01,0.01
2023-11-04,0.01,0.01,0.01,0.01
2023-11-05,0.01,0.01,0.01,0.01
2023-11-06,0.01,0.01,0.01,0.01
2023-11-07,0.01,0.01,0.01,0.01
2023-11-08,0.01,0.01,0.01,0.01
2023-11-09,0.01,0.020027,0.01,0.020027
2023-11-10,0.01,0.011682,0.01,0.01
2023-11-11,0.01,0.016607,0.01,0.014648
2023-11-12,0.01543,0.027221,0.01543,0.027221
2023-11-13,0.032467,0.032467,0.010893,0.020492
2023-11-14,0.017382,0.017382,0.014477,0.014477
2023-11-15,0.01,0.01,0.01,0.01
2023-11-16,0.01,0.015199,0.01,0.012014
2023-11-17,0.01,0.01,0.01,0.01
2023-11-18,0.01,0.01,0.01,0.01
2023-11-19,0.01,0.01,0.01,0.01
2023-11-20,0.01,0.01,0.01,0.01
2023-11-21,0.01,0.01,0.01,0.01
2023-11-22,0.01,0.01,0.01,0.01
2023-11-23,0.01,0.01,0.01,0.01
2023-11-24,0.01,0.01,0.01,0.01
2023-11-25,0.01,0.01,0.01,0.01
2023-11-26,0.01,0.01,0.01,0.01
2023-11-27,0.01,0.01,0.01,0.01
2023-11-28,0.01,0.01,0.01,0.01
2023-11-29,0.01,0.01,0.01,0.01
2023-11-30,0.01,0.01,0.01,0.01
2023-12-01,0.01,0.01,0.01,0.01
2023-12-02,0.00995,0.00995,0.006973,0.008541
2023-12-03,0.01,0.01,0.01,0.01
2023-12-04,0.01,0.01,0.01,0.01
2023-12-05,0.01,0.01,0.01,0.01
2023-12-06,0.01,0.01,0.01,0.01
2023-12-07,0.01,0.01,0.01,0.01
2023-12-08,0.01,0.023288,0.01,0.020242
2023-12-09,0.011504,0.030159,0.011504,0.017192
2023-12-10,0.020724,0.023923,0.020383,0.023923
2023-12-11,0.01473,0.01473,0.01,0.01
2023-12-12,0.01,0.01,0.01,0.01
2023-12-13,0.011909,0.012601,0.010162,0.012601
2023-12-14,0.01,0.01,0.01,0.01
2023-12-15,0.01,0.01,0.01,0.01
2023-12-16,0.01,0.01,0.01,0.01
2023-12-17,0.01,0.01,0.01,0.01
2023-12-18,0.013355,0.015611,0.01,0.015611
2023-12-19,0.01,0.01,0.01,0.01
2023-12-20,0.010506,0.023637,0.01,0.023637
2023-12-21,0.027143,0.029216,0.027143,0.028948
2023-12-22,0.030806,0.030806,0.018011,0.018011
2023-12-23,0.016285,0.016285,0.01,0.015066
2023-12-24,0.01,0.02079,0.01,0.019729
2023-12-25,0.01,0.037908,0.01,0.037908
2023-12-26,0.043391,0.043391,0.023757,0.029559
2023-12-27,0.027621,0.037942,0.027621,0.032304
2023-12-28,0.013021,0.050152,0.013021,0.050152
2023-12-29,0.05517,0.05517,0.047082,0.047082
2023-12-30,0.033033,0.04358,0.033033,0.037842
2023-12-31,0.027855,0.034573,0.027855,0.033597
2024-01-01,0.037409,0.037409,0.027213,0.033601
2024-01-02,0.065846,0.065846,0.035179,0.05373
2024-01-03,0.021159,0.021159,0.01,0.01
2024-01-04,0.01,0.01,0.01,0.01
2024-01-05,0.01,0.01,0.01,0.01
2024-01-06,0.01,0.01,0.01,0.01
2024-01-07,0.01,0.01,0.01,0.01
2024-01-08,0.01,0.01,0.01,0.01
2024-01-09,0.01,0.01,0.01,0.01
2024-01-10,0.01,0.01,0.01,0.01
2024-01-11,0.01,0.01,0.01,0.01
2024-01-12,0.01,0.01,0.01,0.01
2024-01-13,0.01,0.01,0.01,0.01
2024-01-14,0.01,0.01,0.01,0.01
2024-01-15,0.01,0.01,0.01,0.01
2024-01-16,0.01,0.01,0.01,0.01
2024-01-17,0.01,0.01,0.01,0.01
2024-01-18,0.01,0.01,0.01,0.01
2024-01-19,0.01,0.01,0.01,0.01
2024-01-20,0.01,0.01,0.01,0.01
2024-01-21,0.01,0.01,0.01,0.01
2024-01-22,0.01,0.01,0.01,0.01
2024-01-23,0.01,0.01,0.01,0.01
2024-01-24,0.01,0.01,0.01,0.01
2024-01-25,0.01,0.01,0.01,0.01
2024-01-26,0.01,0.01,0.01,0.01
2024-01-27,0.008966,0.01,0.0083,0.0083
2024-01-28,0.01,0.01,0.004725,0.01
2024-01-29,0.01,0.01,0.009142,0.01
2024-01-30,0.01,0.01,0.005149,0.005149
2024-01-31,0.002154,0.01,0.002154,0.01
2024-02-01,0.01,0.01,0.01,0.01
2024-02-02,0.01,0.01,0.01,0.01
2024-02-03,0.007627,0.009042,0.007627,0.008028
2024-02-04,0.008307,0.01,0.008307,0.01
2024-02-05,0.01,0.01,0.01,0.01
2024-02-06,0.01,0.01,0.006723,0.01
2024-02-07,0.007527,0.008306,0.005373,0.008306
2024-02-08,0.01,0.01,0.00259,0.00259
2024-02-09,0.00316,0.01,0.00316,0.009801
2024-02-10,0.008041,0.01,0.008041,0.01
2024-02-11,0.01,0.01,0.01,0.01
2024-02-12,0.01,0.01,0.01,0.01
2024-02-13,0.01,0.01,0.01,0.01
2024-02-14,0.01,0.012283,0.01,0.012283
2024-02-15,0.01,0.01,0.01,0.01
2024-02-16,0.01,0.01,0.01,0.01
2024-02-17,0.01,0.016041,0.01,0.016041
2024-02-18,0.01724,0.01724,0.015305,0.017095
2024-02-19,0.023064,0.023064,0.013327,0.013327
2024-02-20,0.010461,0.020259,0.010461,0.020259
2024-02-21,0.01,0.011242,0.01,0.01
2024-02-22,0.01,0.01348,0.01,0.012557
2024-02-23,0.01,0.012991,0.01,0.012991
2024-02-24,0.01,0.01,0.01,0.01
2024-02-25,0.011438,0.015062,0.011438,0.015062
2024-02-26,0.026761,0.027227,0.021567,0.027227
2024-02-27,0.032262,0.073521,0.022965,0.022965
2024-02-28,0.026729,0.053538,0.023682,0.053538
2024-02-29,0.069091,0.076337,0.057031,0.057031
2024-03-01,0.053322,0.064824,0.04601,0.04601
2024-03-02,0.033426,0.057174,0.033426,0.056396
2024-03-03,0.046267,0.046267,0.042989,0.044598
2024-03-04,0.055071,0.06362,0.046833,0.06362
2024-03-05,0.04896,0.088148,0.04896,0.088148
2024-03-06,0.03628,0.049354,0.033876,0.049354
2024-03-07,0.030311,0.054217,0.030311,0.054217
2024-03-08,0.034819,0.062913,0.034819,0.062913
2024-03-09,0.019134,0.031281,0.019134,0.026407
2024-03-10,0.03101,0.063451,0.03101,0.054479
2024-03-11,0.035489,0.078428,0.035489,0.066396
2024-03-12,0.04447,0.047935,0.04447,0.047935
2024-03-13,0.033224,0.06442,0.033224,0.045402
2024-03-14,0.024393,0.038753,0.024393,0.038258
2024-03-15,0.038515,0.038515,0.014328,0.015306
2024-03-16,0.01,0.023202,0.01,0.020813
2024-03-17,0.013089,0.024827,0.013089,0.024827
2024-03-18,0.020181,0.030597,0.020181,0.027195
2024-03-19,0.026923,0.029065,0.024018,0.024018
2024-03-20,0.015847,0.018388,0.01,0.01
2024-03-21,0.010403,0.01951,0.010403,0.01951
2024-03-22,0.016271,0.016271,0.01,0.011993
2024-03-23,0.01,0.010806,0.01,0.010806
2024-03-24,0.010351,0.015884,0.010351,0.015884
2024-03-25,0.025549,0.028815,0.016324,0.028815
2024-03-26,0.021963,0.026764,0.018348,0.026764
2024-03-27,0.028757,0.043631,0.028757,0.043631
2024-03-28,0.024195,0.029899,0.024195,0.02943
2024-03-29,0.01825,0.03017,0.01825,0.03017
2024-03-30,0.019624,0.03436,0.019624,0.03436
2024-03-31,0.032351,0.040301,0.032351,0.040301
2024-04-01,0.070161,0.070161,0.027469,0.027469
2024-04-02,0.010926,0.016456,0.01,0.016456
2024-04-03,0.01,0.01,0.01,0.01
2024-04-04,0.01,0.01,0.01,0.01
2024-04-05,0.01,0.01,0.01,0.01
2024-04-06,0.01,0.01,0.01,0.01
2024-04-07,0.01,0.01,0.01,0.01
2024-04-08,0.01,0.035189,0.01,0.035189
2024-04-09,0.020915,0.020915,0.019061,0.019061
2024-04-10,0.011929,0.012457,0.01,0.01
2024-04-11,0.013979,0.020153,0.013979,0.019763
2024-04-12,0.011258,0.02563,0.011258,0.012214
2024-04-13,0.01,0.01,0.01,0.01
2024-04-14,0.01,0.01,0.01,0.01
2024-04-15,0.01,0.01,0.001759,0.01
2024-04-16,0.005953,0.009525,0.003513,0.003513
2024-04-17,0.006375,0.006534,0.003574,0.006534
2024-04-18,0.006937,0.006937,-0.003334,-0.003334
2024-04-19,-0.00312,0.006641,-0.00312,0.00588
2024-04-20,0.01,0.01,-0.000766,0.004204
2024-04-21,0.003186,0.008271,-0.002093,0.008271
2024-04-22,0.004409,0.004409,0.000898,0.000898
2024-04-23,-0.001236,0.00524,-0.001236,-0.001083
2024-04-24,0.001413,0.007047,0.001413,0.007047
2024-04-25,0.00702,0.00702,0.00114,0.00114
2024-04-26,0.001709,0.005562,0.000685,0.005562
2024-04-27,0.01,0.01,0.002834,0.002834
2024-04-28,0.001006,0.002782,-0.002081,0.002782
2024-04-29,0.002472,0.006828,0.002472,0.006828
2024-04-30,0.00974,0.01,0.009154,0.01
2024-05-01,0.01,0.01,0.008946,0.009902
2024-05-02,0.006634,0.006634,-0.000123,-0.000123
2024-05-03,-0.001549,0.008091,-0.003764,0.008091
2024-05-04,0.002703,0.007455,0.002703,0.006265
2024-05-05,0.006906,0.006906,0.000647,0.003893
2024-05-06,0.000602,0.007746,-0.001031,0.007746
2024-05-07,0.006064,0.009028,0.001581,0.009028
2024-05-08,0.004891,0.009292,0.004891,0.009292
2024-05-09,0.005648,0.007253,0.003315,0.007253
2024-05-10,0.001026,0.007653,0.001026,0.007653
2024-05-11,0.008881,0.008881,0.003771,0.005067
2024-05-12,0.002604,0.01,0.002604,0.01
2024-05-13,0.01,0.01,0.008469,0.009151
2024-05-14,0.009866,0.01,0.004392,0.004392
2024-05-15,0.01,0.01,-0.000385,0.002373
2024-05-16,0.002103,0.005148,0.002103,0.003543
2024-05-17,0.004647,0.004647,-0.000298,-0.000298
2024-05-18,0.000628,0.008012,-0.000792,-0.000792
2024-05-19,0.003339,0.00521,0.003339,0.004779
2024-05-20,0.005607,0.005607,0.002479,0.002552
2024-05-21,0.01,0.010517,0.01,0.01
2024-05-22,0.01,0.015759,0.01,0.01
2024-05-23,0.01,0.01,0.01,0.01
2024-05-24,0.01,0.01,0.01,0.01
2024-05-25,0.01,0.01,0.01,0.01
2024-05-26,0.01,0.01,0.01,0.01
2024-05-27,0.01,0.01,0.01,0.01
2024-05-28,0.01,0.01,0.01,0.01
2024-05-29,0.01,0.012558,0.01,0.012558
2024-05-30,0.01,0.01,0.01,0.01
2024-05-31,0.014599,0.014599,0.01,0.01
2024-06-01,0.01,0.01025,0.01,0.01025
2024-06-02,0.01,0.01,0.01,0.01
2024-06-03,0.01,0.014135,0.01,0.01
2024-06-04,0.012008,0.012008,0.01,0.01
2024-06-05,0.01,0.016387,0.01,0.013226
2024-06-06,0.01,0.01177,0.01,0.01177
2024-06-07,0.01,0.010166,0.01,0.010166
2024-06-08,0.01,0.01,0.01,0.01
2024-06-09,0.01,0.01,0.01,0.01
2024-06-10,0.01,0.01,0.01,0.01
2024-06-11,0.01,0.01,0.01,0.01
2024-06-12,0.01,0.01,0.01,0.01
2024-06-13,0.01,0.01,0.01,0.01
2024-06-14,0.01,0.01,0.01,0.01
2024-06-15,0.01,0.01,0.01,0.01
2024-06-16,0.01,0.01,0.01,0.01
2024-06-17,0.01,0.01,0.01,0.01
2024-06-18,0.01,0.01,0.008236,0.01
2024-06-19,0.01,0.01,0.002967,0.002967
2024-06-20,0.003934,0.006879,0.003934,0.006879
2024-06-21,0.003344,0.01,0.003344,0.01
2024-06-22,0.01,0.01,0.004146,0.01
2024-06-23,0.01,0.01,0.002307,0.004676
2024-06-24,0.009534,0.01,0.007488,0.007488
2024-06-25,0.007447,0.007752,0.005949,0.007752
2024-06-26,0.01,0.01,0.01,0.01
2024-06-27,0.01,0.01,0.01,0.01
2024-06-28,0.01,0.01,0.01,0.01
2024-06-29,0.01,0.01,0.01,0.01
2024-06-30,0.01,0.01,0.01,0.01
2024-07-01,0.01,0.01,0.01,0.01
2024-07-02,0.01,0.01,0.01,0.01
2024-07-03,0.01,0.01,0.01,0.01
2024-07-04,0.01,0.01,0.01,0.01
2024-07-05,0.01,0.01,0.001762,0.001762
2024-07-06,0.005729,0.007512,0.00325,0.00325
2024-07-07,0.008164,0.01,0.008164,0.01
2024-07-08,0.007905,0.01,0.007905,0.01
2024-07-09,0.01,0.01,0.000861,0.01
2024-07-10,0.01,0.01,0.005485,0.005485
2024-07-11,0.01,0.01,0.01,0.01
2024-07-12,0.006378,0.006378,0.003026,0.004037
2024-07-13,0.008319,0.01,0.006865,0.01
2024-07-14,0.008737,0.008737,0.00371,0.008342
2024-07-15,0.00459,0.00459,-0.000514,-0.000514
2024-07-16,-0.005062,0.008814,-0.005062,0.002717
2024-07-17,-0.003419,0.002143,-0.003419,0.002143
2024-07-18,0.000689,0.003127,0.000689,0.003127
2024-07-19,0.004029,0.004855,0.004029,0.004606
2024-07-20,-0.003077,0.001944,-0.003077,0.001622
2024-07-21,-0.005313,0.002194,-0.005313,0.000646
2024-07-22,0.009136,0.009136,0.002769,0.002769
2024-07-23,0.004709,0.004709,0.00431,0.004642
2024-07-24,0.01,0.01,0.01,0.01
2024-07-25,0.01,0.01,0.01,0.01
2024-07-26,0.01,0.01,0.00334,0.00334
2024-07-27,0.006547,0.009109,0.006547,0.009109
2024-07-28,0.00818,0.009177,0.002804,0.002804
2024-07-29,0.008361,0.01,0.005623,0.01
2024-07-30,0.003396,0.007691,0.003396,0.007691
2024-07-31,0.003063,0.007178,0.003063,0.003826
2024-08-01,0.008208,0.01,0.008208,0.01
2024-08-02,0.01,0.01,0.01,0.01
2024-08-03,0.01,0.01,0.004247,0.004247
2024-08-04,0.01,0.01,0.005343,0.01
2024-08-05,0.01,0.01,0.004429,0.005967
2024-08-06,0.003566,0.004485,-0.002845,0.004485
2024-08-07,-0.00073,0.003241,-0.006859,0.003241
2024-08-08,0.002637,0.003086,0.001147,0.001147
2024-08-09,0.004994,0.004994,0.002184,0.004846
2024-08-10,-0.003942,-0.001379,-0.003942,-0.001949
2024-08-11,0.004049,0.004049,-0.001839,0.001185
2024-08-12,0.001113,0.008783,-0.002238,-0.002238
2024-08-13,0.00614,0.00614,-0.003902,-0.003902
2024-08-14,0.001152,0.001152,-0.007811,-0.007811
2024-08-15,-0.008488,0.006339,-0.008488,-0.006181
2024-08-16,-0.011235,-0.000557,-0.011235,-0.000557
2024-08-17,0.001912,0.004177,-0.000152,-0.000152
2024-08-18,0.003966,0.003966,-0.003149,-0.003149
2024-08-19,-0.003616,-0.001957,-0.00675,-0.001957
2024-08-20,-0.002656,0.001419,-0.002656,0.001419
2024-08-21,-0.006756,0.000396,-0.006756,0.000396
2024-08-22,-0.002229,0.001338,-0.007261,-0.007261
2024-08-23,-0.003329,0.002391,-0.004317,-0.004317
2024-08-24,-0.000772,0.006395,-0.000772,0.006395
2024-08-25,-0.004806,0.003108,-0.004806,0.003108
2024-08-26,0.002439,0.003789,0.002439,0.003789
2024-08-27,0.002795,0.007753,0.001751,0.007753
2024-08-28,-0.006803,0.002433,-0.006803,0.001143
2024-08-29,-0.000976,0.000559,-0.001644,0.000559
2024-08-30,0.000936,0.003578,0.000936,0.002927
2024-08-31,-0.001749,0.0038,-0.001749,0.0038
2024-09-01,0.004113,0.004113,-0.003432,-0.000382
2024-09-02,-0.003386,0.000248,-0.003386,-0.000363
2024-09-03,0.006245,0.006245,0.004598,0.004598
2024-09-04,0.002209,0.002209,-0.00147,-0.00147
2024-09-05,0.009016,0.009016,0.002025,0.00249
2024-09-06,0.00228,0.00228,-1e-06,0.001428
2024-09-07,-0.000557,-0.000557,-0.007634,-0.007236
2024-09-08,0.003745,0.003745,-0.005999,-0.005245
2024-09-09,-0.007585,-0.003875,-0.007585,-0.003875
2024-09-10,-0.006028,-0.001126,-0.006028,-0.001126
2024-09-11,-0.008953,-0.002247,-0.008953,-0.005212
2024-09-12,-0.001951,-0.000546,-0.00295,-0.00295
2024-09-13,-6.9e-05,-6.9e-05,-0.002443,-0.002443
2024-09-14,-0.008699,0.002326,-0.008699,0.002326
2024-09-15,-0.000491,0.000402,-0.000491,0.000402
2024-09-16,0.002402,0.006762,0.002402,0.006762
2024-09-17,0.008529,0.008529,0.001911,0.005327
2024-09-18,0.001344,0.004648,0.001344,0.004648
2024-09-19,0.003512,0.004072,0.002949,0.004072
2024-09-20,0.008065,0.008065,-0.000503,0.005543
2024-09-21,0.004638,0.01,0.004638,0.008234
2024-09-22,0.006285,0.009254,0.005537,0.005537
2024-09-23,0.006546,0.006546,0.001364,0.005304
2024-09-24,0.002324,0.002895,-0.000182,-0.000182
2024-09-25,0.001223,0.001336,0.001141,0.001336
2024-09-26,0.00165,0.01,0.00165,0.01
2024-09-27,0.01,0.01,0.002275,0.002275
2024-09-28,0.005455,0.0083,0.001414,0.001414
2024-09-29,0.000725,0.007253,0.000725,0.007253
2024-09-30,0.003077,0.01,0.003077,0.01
2024-10-01,0.01,0.01,0.01,0.01
2024-10-02,0.006632,0.008409,0.006632,0.008191
2024-10-03,0.004381,0.00499,0.003746,0.00499
2024-10-04,0.007097,0.007097,0.000243,0.000243
2024-10-05,-0.001596,0.001088,-0.001596,0.000861
2024-10-06,0.000572,0.00418,0.000572,0.00418
2024-10-07,0.004573,0.004573,-0.000952,0.002177
2024-10-08,-0.001678,0.0081,-0.001678,0.0081
2024-10-09,0.01,0.01,0.005138,0.007939
2024-10-10,0.00209,0.01,0.001532,0.01
2024-10-11,0.002231,0.002231,-0.001874,0.00012
2024-10-12,0.004558,0.007664,-0.001489,-0.001489
2024-10-13,0.000693,0.003938,0.000693,0.003938
2024-10-14,0.005429,0.01,0.005429,0.01
2024-10-15,0.01,0.01,0.01,0.01
2024-10-16,0.008325,0.01,0.008325,0.01
2024-10-17,0.01,0.01,0.01,0.01
2024-10-18,0.01,0.01,0.01,0.01
2024-10-19,0.01,0.01,0.01,0.01
2024-10-20,0.01,0.01,0.01,0.01
2024-10-21,0.01,0.01,0.01,0.01
2024-10-22,0.01,0.01,0.01,0.01
2024-10-23,0.01,0.01,0.01,0.01
2024-10-24,0.01,0.01,0.01,0.01
2024-10-25,0.01,0.01,0.01,0.01
2024-10-26,0.004755,0.01,0.004755,0.01
2024-10-27,0.01,0.01,0.009724,0.01
2024-10-28,0.009425,0.01,0.008946,0.008946
2024-10-29,0.01,0.01,0.01,0.01
2024-10-30,0.01,0.01,0.01,0.01
2024-10-31,0.01,0.01,0.01,0.01
2024-11-01,0.01,0.01,0.01,0.01
2024-11-02,0.01,0.01,0.01,0.01
2024-11-03,0.01,0.01,0.01,0.01
2024-11-04,0.01,0.01,0.01,0.01
2024-11-05,0.01,0.01,0.01,0.01
2024-11-06,0.01,0.01,0.01,0.01
2024-11-07,0.01,0.01,0.01,0.01
2024-11-08,0.01,0.01,0.01,0.01
2024-11-09,0.01,0.01,0.01,0.01
2024-11-10,0.01,0.025603,0.01,0.014113
2024-11-11,0.036878,0.036878,0.01,0.01
2024-11-12,0.049133,0.049133,0.038754,0.038754
2024-11-13,0.01,0.021856,0.01,0.021856
2024-11-14,0.01,0.01,0.01,0.01
2024-11-15,0.01,0.010977,0.01,0.010977
2024-11-16,0.01,0.013231,0.01,0.013231
2024-11-17,0.015765,0.015765,0.01,0.010577
2024-11-18,0.01,0.03645,0.01,0.021318
2024-11-19,0.021606,0.030216,0.017959,0.017959
2024-11-20,0.01,0.01,0.01,0.01
2024-11-21,0.01,0.01,0.01,0.01
2024-11-22,0.01,0.01,0.01,0.01
2024-11-23,0.01,0.01,0.01,0.01
2024-11-24,0.01,0.023228,0.01,0.023228
2024-11-25,0.021035,0.025233,0.01,0.025233
2024-11-26,0.021902,0.029599,0.017936,0.029599
2024-11-27,0.031205,0.031205,0.01,0.01
2024-11-28,0.01,0.014326,0.01,0.011859
2024-11-29,0.020619,0.021921,0.011747,0.021921
2024-11-30,0.01,0.015909,0.01,0.012063
2024-12-01,0.015901,0.019581,0.01,0.01
2024-12-02,0.025726,0.025726,0.013387,0.013387
2024-12-03,0.012779,0.024926,0.011952,0.011952
2024-12-04,0.026634,0.026634,0.023234,0.023234
2024-12-05,0.027625,0.072446,0.027625,0.047059
2024-12-06,0.01,0.014634,0.01,0.01
2024-12-07,0.031972,0.031972,0.012374,0.01409
2024-12-08,0.016985,0.01758,0.016572,0.01758
2024-12-09,0.030413,0.030413,0.011115,0.011115
2024-12-10,0.01,0.01,0.01,0.01
2024-12-11,0.01,0.01,0.01,0.01
2024-12-12,0.01,0.01,0.01,0.01
2024-12-13,0.01,0.01,0.01,0.01
2024-12-14,0.00675,0.01,0.00675,0.01
2024-12-15,0.01,0.01,0.008194,0.01
2024-12-16,0.01,0.01,0.009181,0.009181
2024-12-17,0.007866,0.01,0.007866,0.01
2024-12-18,0.01,0.01,0.009159,0.01
2024-12-19,0.01,0.01,0.01,0.01
2024-12-20,0.01,0.01,0.01,0.01
2024-12-21,0.01,0.01,0.001206,0.01
2024-12-22,0.01,0.01,0.009629,0.009629
2024-12-23,0.01,0.01,0.008981,0.008981
2024-12-24,0.01,0.01,0.01,0.01
2024-12-25,0.01,0.01,0.01,0.01
2024-12-26,0.009827,0.009827,0.007453,0.008585
2024-12-27,0.01,0.01,0.01,0.01
2024-12-28,0.01,0.01,0.005173,0.005173
2024-12-29,0.008013,0.01,0.008013,0.01
2024-12-30,-4.2e-05,0.01,-4.2e-05,0.01
2024-12-31,0.01,0.01,0.01,0.01
2025-01-01,0.01,0.01,0.01,0.01
2025-01-02,0.01,0.01,0.01,0.01
2025-01-03,0.01,0.01,0.005242,0.005242
2025-01-04,0.007699,0.01,0.000798,0.000798
2025-01-05,0.01,0.01,0.00832,0.00832
2025-01-06,0.01,0.01,0.01,0.01
2025-01-07,0.01,0.01,0.008279,0.008279
2025-01-08,0.01,0.01,0.01,0.01
2025-01-09,0.01,0.01,-0.000544,-0.000544
2025-01-10,0.003966,0.008078,-0.00106,0.008078
2025-01-11,0.00568,0.00568,0.002608,0.002608
2025-01-12,0.005009,0.006647,0.00321,0.006647
2025-01-13,0.005266,0.006989,0.000881,0.000881
2025-01-14,0.01,0.01,0.009496,0.009496
2025-01-15,0.004989,0.008795,0.004989,0.005844
2025-01-16,0.000728,0.007568,0.000728,0.004598
2025-01-17,0.004597,0.009386,0.003432,0.003432
2025-01-18,0.006707,0.01,0.006707,0.01
2025-01-19,0.01,0.01,0.01,0.01
2025-01-20,0.01,0.01,0.01,0.01
2025-01-21,0.01,0.01,0.01,0.01
2025-01-22,0.01,0.01,0.01,0.01
2025-01-23,0.008654,0.01,0.008616,0.008616
2025-01-24,0.000334,0.00954,0.000334,0.00954
2025-01-25,0.005702,0.008495,0.005702,0.007782
2025-01-26,0.008363,0.01,0.008363,0.008443
2025-01-27,0.009084,0.009084,9.8e-05,9.8e-05
2025-01-28,0.01,0.01,0.003714,0.009848
2025-01-29,0.01,0.01,0.009949,0.009949
2025-01-30,0.00759,0.01,0.00759,0.009499
2025-01-31,0.001225,0.01,0.001225,0.01
2025-02-01,0.008098,0.008098,0.005369,0.005968
2025-02-02,0.005824,0.005824,-0.000861,-0.000861
2025-02-03,0.01,0.01,0.004845,0.004845
2025-02-04,0.002612,0.0068,0.002612,0.004138
2025-02-05,-0.000461,0.004774,-0.000461,0.00161
2025-02-06,0.002186,0.005903,-0.000238,0.005903
2025-02-07,0.007983,0.007983,0.005167,0.005167
2025-02-08,-0.0041,0.001137,-0.0041,0.000324
2025-02-09,0.003873,0.0096,0.002839,0.002839
2025-02-10,0.001802,0.009176,0.001802,0.007457
2025-02-11,0.004218,0.00709,-0.002446,-0.002446
2025-02-12,0.001298,0.00496,0.001298,0.00496
2025-02-13,0.01,0.01,0.000805,0.000805
2025-02-14,0.0041,0.007093,0.0041,0.007093
2025-02-15,5.5e-05,0.003735,5.5e-05,0.003735
2025-02-16,0.00339,0.003799,0.000182,0.003799
2025-02-17,0.006239,0.006397,0.002009,0.002009
2025-02-18,0.009488,0.01,0.009488,0.01
2025-02-19,0.007007,0.00896,0.007007,0.00896
2025-02-20,0.00242,0.007346,0.00242,0.007346
2025-02-21,0.000123,0.002286,-9.7e-05,-9.7e-05
2025-02-22,0.01,0.01,0.002318,0.002318
2025-02-23,0.004112,0.004112,0.001478,0.001478
2025-02-24,-0.00297,0.006881,-0.00297,0.00205
2025-02-25,0.01,0.01,0.001385,0.001385
2025-02-26,0.003521,0.01,0.003521,0.01
2025-02-27,0.009305,0.009433,-0.000617,0.009433
2025-02-28,0.009444,0.009521,-0.000373,-0.000373
2025-03-01,-1.4e-05,-1.4e-05,-0.006108,-0.000858
2025-03-02,-0.001094,-0.001094,-0.002869,-0.002869
2025-03-03,-0.005518,0.005272,-0.005518,0.005272
2025-03-04,-0.001526,0.001306,-0.001526,0.001306
2025-03-05,0.004113,0.005028,0.002722,0.005028
2025-03-06,0.003538,0.006818,0.003538,0.006818
2025-03-07,-0.000612,0.002028,-0.001539,0.002028
2025-03-08,0.002028,0.005328,0.000373,0.001208
2025-03-09,-0.002779,0.01,-0.002779,0.01
2025-03-10,0.003952,0.004037,0.001344,0.004037
2025-03-11,0.004705,0.008746,0.00326,0.008746
2025-03-12,0.000576,0.005815,0.000576,0.004013
2025-03-13,0.00043,0.00319,0.00043,0.00319
2025-03-14,0.005386,0.005386,0.000357,0.000357
2025-03-15,-0.006035,-0.000321,-0.006035,-0.000321
2025-03-16,0.000432,0.004236,0.000432,0.001247
2025-03-17,0.001065,0.008474,0.000859,0.000859
2025-03-18,0.000703,0.003514,0.000703,0.003514
2025-03-19,0.0002,0.005961,0.0002,0.005024
2025-03-20,0.001944,0.00379,0.001086,0.001086
2025-03-21,0.001615,0.005324,0.001615,0.002518
2025-03-22,0.002836,0.005092,-0.00177,0.005092
2025-03-23,0.002099,0.00402,-0.000184,0.00402
2025-03-24,0.002039,0.005512,-0.003422,-0.003422
2025-03-25,-0.000247,0.00115,-0.003776,-0.003776
2025-03-26,-0.00299,0.001659,-0.003082,-0.003082
2025-03-27,0.003136,0.005512,-0.00376,-0.00376
2025-03-28,0.001584,0.008118,-0.000457,0.008118
2025-03-29,0.005364,0.008214,0.00253,0.00253
2025-03-30,0.000341,0.004588,0.000341,0.004588
2025-03-31,0.002643,0.00602,0.001845,0.001845
2025-04-01,0.003961,0.003961,0.002889,0.003573
2025-04-02,-0.002112,0.003036,-0.002112,0.000733
2025-04-03,0.005862,0.006484,0.005038,0.006484
2025-04-04,0.004283,0.008038,0.004283,0.008038
2025-04-05,0.008559,0.008559,0.000408,0.000408
2025-04-06,0.000221,0.005363,-0.000603,-0.000603
2025-04-07,0.004946,0.006857,0.004946,0.004998
2025-04-08,0.004074,0.004074,0.003134,0.003134
2025-04-09,0.009568,0.009568,-0.002252,0.006856
2025-04-10,0.007705,0.007705,0.000114,0.006775
2025-04-11,0.002065,0.00329,-0.004294,0.00329
2025-04-12,0.003654,0.00564,0.003654,0.005388
2025-04-13,0.005057,0.009642,0.005057,0.009642
2025-04-14,0.008113,0.008113,0.002428,0.002428
2025-04-15,-0.002073,0.006606,-0.002073,0.001883
2025-04-16,0.002428,0.006917,0.001978,0.001978
2025-04-17,0.001404,0.005679,0.001404,0.003425
2025-04-18,0.001788,0.007071,0.001788,0.002995
2025-04-19,0.00293,0.006024,-0.001953,-0.001953
2025-04-20,-0.000298,-0.000298,-0.002258,-0.002258
2025-04-21,0.005232,0.005403,0.001553,0.001553
2025-04-22,0.007749,0.007749,-0.007045,-0.007045
2025-04-23,-0.001389,0.004587,-0.001389,0.004587
2025-04-24,-0.002671,0.00521,-0.002671,-0.002165
2025-04-25,-0.001764,0.00017,-0.001764,0.00012
2025-04-26,-0.010085,0.002855,-0.010085,0.002855
2025-04-27,-0.0015,-0.000421,-0.0015,-0.000421
2025-04-28,0.000373,0.000373,-0.005821,-0.005821
2025-04-29,-0.000773,-0.000773,-0.000773,-0.000773
